# MySQL-Front 5.1  (Build 4.13)

/*!40101 SET @OLD_SQL_MODE=@@SQL_MODE */;
/*!40101 SET SQL_MODE='STRICT_TRANS_TABLES,NO_AUTO_CREATE_USER,NO_ENGINE_SUBSTITUTION' */;
/*!40111 SET @OLD_SQL_NOTES=@@SQL_NOTES */;
/*!40103 SET SQL_NOTES='ON' */;
/*!40014 SET @OLD_UNIQUE_CHECKS=@@UNIQUE_CHECKS */;
/*!40014 SET UNIQUE_CHECKS=0 */;
/*!40014 SET @OLD_FOREIGN_KEY_CHECKS=@@FOREIGN_KEY_CHECKS */;
/*!40014 SET FOREIGN_KEY_CHECKS=0 */;


# Host: 127.0.0.1    Database: msflzep
# ------------------------------------------------------
# Server version 5.1.55-community

#
# Source for table archcatalog
#

DROP TABLE IF EXISTS `archcatalog`;
CREATE TABLE `archcatalog` (
  `objuid` varchar(32) NOT NULL DEFAULT '',
  `item_uid` varchar(32) DEFAULT NULL,
  `subtype_uid` varchar(32) DEFAULT NULL COMMENT '修改item时是否需要重新导入目录',
  `version_uid` varchar(32) DEFAULT NULL,
  `archcode` varchar(35) DEFAULT NULL,
  `titlename` varchar(100) DEFAULT NULL,
  `pagecount` int(4) DEFAULT NULL,
  `pagenumber` int(4) DEFAULT NULL,
  PRIMARY KEY (`objuid`)
) ENGINE=InnoDB DEFAULT CHARSET=utf8;

#
# Dumping data for table archcatalog
#

LOCK TABLES `archcatalog` WRITE;
/*!40000 ALTER TABLE `archcatalog` DISABLE KEYS */;
INSERT INTO `archcatalog` VALUES ('2c90b0c52f71c292012f71c43ada0007','2c90b0c52f71c292012f71c4323f0001','2c90b0482f0977b3012f0a853e0700da','2c90b0c52f71c292012f71c437ec0004','MSFL-FK-2011-0001-001','租赁物所有权转移证明',1,1);
INSERT INTO `archcatalog` VALUES ('2c90b0c52f71c292012f71c43aea0008','2c90b0c52f71c292012f71c4323f0001','2c90b0482f0977b3012f0a853e0700da','2c90b0c52f71c292012f71c437ec0004','MSFL-FK-2011-0001-002','重要权利凭证入/出（临时）库单',2,2);
INSERT INTO `archcatalog` VALUES ('2c90b0c52f71c292012f71c43b28000a','2c90b0c52f71c292012f71c4323f0001','2c90b0482f0977b3012f0a853e0700da','2c90b0c52f71c292012f71c437ec0004','MSFL-FK-2011-0001-003','抵（质）押权证',3,4);
INSERT INTO `archcatalog` VALUES ('2c90b0c52f71c292012f71c43b57000b','2c90b0c52f71c292012f71c4323f0001','2c90b0482f0977b3012f0a853e0700da','2c90b0c52f71c292012f71c437ec0004','MSFL-FK-2011-0001-004','担保函',4,7);
INSERT INTO `archcatalog` VALUES ('2c90b0c52f71c292012f71c43b67000c','2c90b0c52f71c292012f71c4323f0001','2c90b0482f0977b3012f0a853e0700da','2c90b0c52f71c292012f71c437ec0004','MSFL-FK-2011-0001-005','承诺函',5,11);
INSERT INTO `archcatalog` VALUES ('ff8080812f6c627d012f6c69c1d90006','ff8080812f6c627d012f6c69b8730001','2c90b0482f0977b3012f0a7cc8de00d4','ff8080812f6c627d012f6c69bebd0004','MSFL-FK-2010-0001-002','项目审批通知书',6,6);
INSERT INTO `archcatalog` VALUES ('ff8080812f6c627d012f6c69c2470007','ff8080812f6c627d012f6c69b8730001','2c90b0482f0977b3012f0a7cc8de00d4','ff8080812f6c627d012f6c69bebd0004','MSFL-FK-2010-0001-001','紧急事项审批通知书',5,1);
INSERT INTO `archcatalog` VALUES ('ff8080812f6c627d012f6c69c2660008','ff8080812f6c627d012f6c69b8730001','2c90b0482f0977b3012f0a7cc8de00d4','ff8080812f6c627d012f6c69bebd0004','MSFL-FK-2010-0001-003','项目经办责任人声明',3,12);
INSERT INTO `archcatalog` VALUES ('ff8080812f6c627d012f6c69c2760009','ff8080812f6c627d012f6c69b8730001','2c90b0482f0977b3012f0a7cc8de00d4','ff8080812f6c627d012f6c69bebd0004','MSFL-FK-2010-0001-004','业务合同签章及用印审批书',NULL,NULL);
INSERT INTO `archcatalog` VALUES ('ff8080812f6c627d012f6c69c295000a','ff8080812f6c627d012f6c69b8730001','2c90b0482f0977b3012f0a7cc8de00d4','ff8080812f6c627d012f6c69bebd0004','MSFL-FK-2010-0001-005','项目用款计划书',NULL,NULL);
INSERT INTO `archcatalog` VALUES ('ff8080812f6c627d012f6c69c2b4000b','ff8080812f6c627d012f6c69b8730001','2c90b0482f0977b3012f0a7cc8de00d4','ff8080812f6c627d012f6c69bebd0004','MSFL-FK-2010-0001-006','法律意见书',NULL,NULL);
INSERT INTO `archcatalog` VALUES ('ff8080812f6c627d012f6c69c2c4000c','ff8080812f6c627d012f6c69b8730001','2c90b0482f0977b3012f0a7cc8de00d4','ff8080812f6c627d012f6c69bebd0004','MSFL-FK-2010-0001-007','租金附表复核审批书',NULL,NULL);
INSERT INTO `archcatalog` VALUES ('ff8080812f6c627d012f6c69c2d3000d','ff8080812f6c627d012f6c69b8730001','2c90b0482f0977b3012f0a7cc8de00d4','ff8080812f6c627d012f6c69bebd0004','MSFL-FK-2010-0001-008','其它',NULL,NULL);
INSERT INTO `archcatalog` VALUES ('ff8080812f6c627d012f6c69c2f3000e','ff8080812f6c627d012f6c69b8730001','2c90b0482f0977b3012f0a7cc8de00d4','ff8080812f6c627d012f6c69bebd0004','MSFL-FK-2010-0001-009','付款通知书',NULL,NULL);
INSERT INTO `archcatalog` VALUES ('ff8080812f6c627d012f6c69c302000f','ff8080812f6c627d012f6c69b8730001','2c90b0482f0977b3012f0a7cc8de00d4','ff8080812f6c627d012f6c69bebd0004','MSFL-FK-2010-0001-010','租赁物所有权转移证明',NULL,NULL);
INSERT INTO `archcatalog` VALUES ('ff8080812f6c627d012f6c69c3310010','ff8080812f6c627d012f6c69b8730001','2c90b0482f0977b3012f0a7cc8de00d4','ff8080812f6c627d012f6c69bebd0004','MSFL-FK-2010-0001-011','重要权利凭证入/出（临时）库单',NULL,NULL);
INSERT INTO `archcatalog` VALUES ('ff8080812f6c627d012f6c69c3410011','ff8080812f6c627d012f6c69b8730001','2c90b0482f0977b3012f0a7cc8de00d4','ff8080812f6c627d012f6c69bebd0004','MSFL-FK-2010-0001-012','租赁物所有权证',NULL,NULL);
INSERT INTO `archcatalog` VALUES ('ff8080812f6c627d012f6c69c3500012','ff8080812f6c627d012f6c69b8730001','2c90b0482f0977b3012f0a7cc8de00d4','ff8080812f6c627d012f6c69bebd0004','MSFL-FK-2010-0001-013','抵（质）押权证',NULL,NULL);
INSERT INTO `archcatalog` VALUES ('ff8080812f6c627d012f6c69c3700013','ff8080812f6c627d012f6c69b8730001','2c90b0482f0977b3012f0a7cc8de00d4','ff8080812f6c627d012f6c69bebd0004','MSFL-FK-2010-0001-014','担保函',NULL,NULL);
INSERT INTO `archcatalog` VALUES ('ff8080812f6c627d012f6c69c37f0014','ff8080812f6c627d012f6c69b8730001','2c90b0482f0977b3012f0a7cc8de00d4','ff8080812f6c627d012f6c69bebd0004','MSFL-FK-2010-0001-015','承诺函',NULL,NULL);
INSERT INTO `archcatalog` VALUES ('ff8080812f6c627d012f6c69c38f0015','ff8080812f6c627d012f6c69b8730001','2c90b0482f0977b3012f0a7cc8de00d4','ff8080812f6c627d012f6c69bebd0004','MSFL-FK-2010-0001-016','租赁物接受证明',NULL,NULL);
INSERT INTO `archcatalog` VALUES ('ff8080812f6c627d012f6c69c3be0016','ff8080812f6c627d012f6c69b8730001','2c90b0482f0977b3012f0a7cc8de00d4','ff8080812f6c627d012f6c69bebd0004','MSFL-FK-2010-0001-017','保单及批单',NULL,NULL);
INSERT INTO `archcatalog` VALUES ('ff8080812f6c627d012f6c69c3cd0017','ff8080812f6c627d012f6c69b8730001','2c90b0482f0977b3012f0a7cc8de00d4','ff8080812f6c627d012f6c69bebd0004','MSFL-FK-2010-0001-018','发票',NULL,NULL);
INSERT INTO `archcatalog` VALUES ('ff8080812f6c627d012f6c69c3dd0018','ff8080812f6c627d012f6c69b8730001','2c90b0482f0977b3012f0a7cc8de00d4','ff8080812f6c627d012f6c69bebd0004','MSFL-FK-2010-0001-019','其它（                       ）',NULL,NULL);
INSERT INTO `archcatalog` VALUES ('ff8080812f6c627d012f6c69c3fc0019','ff8080812f6c627d012f6c69b8730001','2c90b0482f0977b3012f0a7cc8de00d4','ff8080812f6c627d012f6c69bebd0004','MSFL-FK-2010-0001-020','承租人基础资料□ 供应商基础资料□',NULL,NULL);
INSERT INTO `archcatalog` VALUES ('ff8080812f6c627d012f6c69c40c001a','ff8080812f6c627d012f6c69b8730001','2c90b0482f0977b3012f0a7cc8de00d4','ff8080812f6c627d012f6c69bebd0004','MSFL-FK-2010-0001-021','担保人资料',NULL,NULL);
INSERT INTO `archcatalog` VALUES ('ff8080812f6c627d012f6c69c42b001b','ff8080812f6c627d012f6c69b8730001','2c90b0482f0977b3012f0a7cc8de00d4','ff8080812f6c627d012f6c69bebd0004','MSFL-FK-2010-0001-022','融资租赁合同',NULL,NULL);
INSERT INTO `archcatalog` VALUES ('ff8080812f6c627d012f6c69c44a001c','ff8080812f6c627d012f6c69b8730001','2c90b0482f0977b3012f0a7cc8de00d4','ff8080812f6c627d012f6c69bebd0004','MSFL-FK-2010-0001-023','买卖（建造）合同',NULL,NULL);
INSERT INTO `archcatalog` VALUES ('ff8080812f6c627d012f6c69c46a001d','ff8080812f6c627d012f6c69b8730001','2c90b0482f0977b3012f0a7cc8de00d4','ff8080812f6c627d012f6c69bebd0004','MSFL-FK-2010-0001-024','委托购买（建造）合同',NULL,NULL);
INSERT INTO `archcatalog` VALUES ('ff8080812f6c627d012f6c69c479001e','ff8080812f6c627d012f6c69b8730001','2c90b0482f0977b3012f0a7cc8de00d4','ff8080812f6c627d012f6c69bebd0004','MSFL-FK-2010-0001-025','担保合同/抵质押合同/回购协议',NULL,NULL);
INSERT INTO `archcatalog` VALUES ('ff8080812f6c627d012f6c69c489001f','ff8080812f6c627d012f6c69b8730001','2c90b0482f0977b3012f0a7cc8de00d4','ff8080812f6c627d012f6c69bebd0004','MSFL-FK-2010-0001-026','业务合作合同（手续费）',NULL,NULL);
INSERT INTO `archcatalog` VALUES ('ff8080812f6c627d012f6c69c4990020','ff8080812f6c627d012f6c69b8730001','2c90b0482f0977b3012f0a7cc8de00d4','ff8080812f6c627d012f6c69bebd0004','MSFL-FK-2010-0001-027','保证金合同',NULL,NULL);
INSERT INTO `archcatalog` VALUES ('ff8080812f6c627d012f6c69c4c70021','ff8080812f6c627d012f6c69b8730001','2c90b0482f0977b3012f0a7cc8de00d4','ff8080812f6c627d012f6c69bebd0004','MSFL-FK-2010-0001-028','资产管理合同（资产管理费）',NULL,NULL);
INSERT INTO `archcatalog` VALUES ('ff8080812f6c627d012f6c69c4d70022','ff8080812f6c627d012f6c69b8730001','2c90b0482f0977b3012f0a7cc8de00d4','ff8080812f6c627d012f6c69bebd0004','MSFL-FK-2010-0001-029','租赁物买卖合同权利义务转让协议',NULL,NULL);
INSERT INTO `archcatalog` VALUES ('ff8080812f6c627d012f6c69c4e70023','ff8080812f6c627d012f6c69b8730001','2c90b0482f0977b3012f0a7cc8de00d4','ff8080812f6c627d012f6c69bebd0004','MSFL-FK-2010-0001-030','账户监管协议',NULL,NULL);
INSERT INTO `archcatalog` VALUES ('ff8080812f6c9197012f6c94eee40006','ff8080812f6c9197012f6c94ea210001','2c90b0482f0977b3012f0a853e0700da','ff8080812f6c9197012f6c94ecf00004','MSFL-FK-2009-0001-001','付款通知书',NULL,NULL);
INSERT INTO `archcatalog` VALUES ('ff8080812f6c9197012f6c94ef610007','ff8080812f6c9197012f6c94ea210001','2c90b0482f0977b3012f0a853e0700da','ff8080812f6c9197012f6c94ecf00004','MSFL-FK-2009-0001-002','租赁物所有权转移证明',NULL,NULL);
INSERT INTO `archcatalog` VALUES ('ff8080812f6c9197012f6c94ef700008','ff8080812f6c9197012f6c94ea210001','2c90b0482f0977b3012f0a853e0700da','ff8080812f6c9197012f6c94ecf00004','MSFL-FK-2009-0001-003','重要权利凭证入/出（临时）库单',NULL,NULL);
INSERT INTO `archcatalog` VALUES ('ff8080812f6c9197012f6c94ef800009','ff8080812f6c9197012f6c94ea210001','2c90b0482f0977b3012f0a853e0700da','ff8080812f6c9197012f6c94ecf00004','MSFL-FK-2009-0001-004','租赁物所有权证',NULL,NULL);
INSERT INTO `archcatalog` VALUES ('ff8080812f6c9197012f6c94ef9f000a','ff8080812f6c9197012f6c94ea210001','2c90b0482f0977b3012f0a853e0700da','ff8080812f6c9197012f6c94ecf00004','MSFL-FK-2009-0001-005','抵（质）押权证',NULL,NULL);
INSERT INTO `archcatalog` VALUES ('ff8080812f6c9197012f6c94efaf000b','ff8080812f6c9197012f6c94ea210001','2c90b0482f0977b3012f0a853e0700da','ff8080812f6c9197012f6c94ecf00004','MSFL-FK-2009-0001-006','担保函',NULL,NULL);
INSERT INTO `archcatalog` VALUES ('ff8080812f6c9197012f6c94efbe000c','ff8080812f6c9197012f6c94ea210001','2c90b0482f0977b3012f0a853e0700da','ff8080812f6c9197012f6c94ecf00004','MSFL-FK-2009-0001-007','承诺函',NULL,NULL);
INSERT INTO `archcatalog` VALUES ('ff8080812f6c9197012f6c95e79b0012','ff8080812f6c9197012f6c95e5f6000d','2c90b0482f0977b3012f0a853e0700da','ff8080812f6c9197012f6c95e6e00010','MSFL-FK-2009-0002-001','付款通知书',NULL,NULL);
INSERT INTO `archcatalog` VALUES ('ff8080812f6c9197012f6c95e7bb0013','ff8080812f6c9197012f6c95e5f6000d','2c90b0482f0977b3012f0a853e0700da','ff8080812f6c9197012f6c95e6e00010','MSFL-FK-2009-0002-002','租赁物所有权转移证明',NULL,NULL);
INSERT INTO `archcatalog` VALUES ('ff8080812f6c9197012f6c95e7ca0014','ff8080812f6c9197012f6c95e5f6000d','2c90b0482f0977b3012f0a853e0700da','ff8080812f6c9197012f6c95e6e00010','MSFL-FK-2009-0002-003','重要权利凭证入/出（临时）库单',NULL,NULL);
INSERT INTO `archcatalog` VALUES ('ff8080812f6c9197012f6c95e7da0015','ff8080812f6c9197012f6c95e5f6000d','2c90b0482f0977b3012f0a853e0700da','ff8080812f6c9197012f6c95e6e00010','MSFL-FK-2009-0002-004','租赁物所有权证',NULL,NULL);
INSERT INTO `archcatalog` VALUES ('ff8080812f6c9197012f6c95e7ea0016','ff8080812f6c9197012f6c95e5f6000d','2c90b0482f0977b3012f0a853e0700da','ff8080812f6c9197012f6c95e6e00010','MSFL-FK-2009-0002-005','抵（质）押权证',NULL,NULL);
INSERT INTO `archcatalog` VALUES ('ff8080812f6c9197012f6c95e8180017','ff8080812f6c9197012f6c95e5f6000d','2c90b0482f0977b3012f0a853e0700da','ff8080812f6c9197012f6c95e6e00010','MSFL-FK-2009-0002-006','担保函',NULL,NULL);
INSERT INTO `archcatalog` VALUES ('ff8080812f6c9197012f6c95e8280018','ff8080812f6c9197012f6c95e5f6000d','2c90b0482f0977b3012f0a853e0700da','ff8080812f6c9197012f6c95e6e00010','MSFL-FK-2009-0002-007','承诺函',NULL,NULL);
/*!40000 ALTER TABLE `archcatalog` ENABLE KEYS */;
UNLOCK TABLES;

#
# Source for table archfiles
#

DROP TABLE IF EXISTS `archfiles`;
CREATE TABLE `archfiles` (
  `objuid` char(32) NOT NULL DEFAULT '',
  `catalog_uid` char(32) DEFAULT NULL,
  `filepath` varchar(150) DEFAULT NULL,
  `filename` varchar(100) DEFAULT NULL,
  `filestatus` varchar(1) DEFAULT NULL,
  `orderno` int(4) DEFAULT NULL,
  PRIMARY KEY (`objuid`)
) ENGINE=InnoDB DEFAULT CHARSET=utf8;

#
# Dumping data for table archfiles
#

LOCK TABLES `archfiles` WRITE;
/*!40000 ALTER TABLE `archfiles` DISABLE KEYS */;
INSERT INTO `archfiles` VALUES ('2c90b0c52f71fbe0012f7226a1680004','2c90b0c52f71c292012f71c43ada0007','MSFL-PROJECT/MSFL-FK/MSFL-FK-2011-0001/MSFL-FK-2011-0001-001/CATALOG20110321140644.jpg','CATALOG20110321140644','y',1);
INSERT INTO `archfiles` VALUES ('2c90b0c52f71fbe0012f7226f8520005','2c90b0c52f71c292012f71c43ada0007','MSFL-PROJECT/MSFL-FK/MSFL-FK-2011-0001/MSFL-FK-2011-0001-001/CATALOG20110904094330.jpg','CATALOG20110904094330','y',2);
INSERT INTO `archfiles` VALUES ('2c90b0c52f71fbe0012f7226f93c0006','2c90b0c52f71c292012f71c43ada0007','MSFL-PROJECT/MSFL-FK/MSFL-FK-2011-0001/MSFL-FK-2011-0001-001/CATALOG20110906110745.jpg','CATALOG20110906110745','y',3);
INSERT INTO `archfiles` VALUES ('2c90b0c52f71fbe0012f7226f9e80007','2c90b0c52f71c292012f71c43aea0008','MSFL-PROJECT/MSFL-FK/MSFL-FK-2011-0001/MSFL-FK-2011-0001-002/MSFL-FK-2010-000120110418133014.jpg','MSFL-FK-2010-000120110418133014','y',1);
INSERT INTO `archfiles` VALUES ('2c90b0c52f71fbe0012f7226fb9d0008','2c90b0c52f71c292012f71c43aea0008','MSFL-PROJECT/MSFL-FK/MSFL-FK-2011-0001/MSFL-FK-2011-0001-002/MSFL-FK-2010-000120110418135619.jpg','MSFL-FK-2010-000120110418135619','y',2);
INSERT INTO `archfiles` VALUES ('2c90b0c52f71fbe0012f7226fc590009','2c90b0c52f71c292012f71c43b28000a','MSFL-PROJECT/MSFL-FK/MSFL-FK-2011-0001/MSFL-FK-2011-0001-003/MSFL-FK-2010-000120110418135813.jpg','MSFL-FK-2010-000120110418135813','y',1);
INSERT INTO `archfiles` VALUES ('2c90b0c52f71fbe0012f7226fd14000a','2c90b0c52f71c292012f71c43b28000a','MSFL-PROJECT/MSFL-FK/MSFL-FK-2011-0001/MSFL-FK-2011-0001-003/MSFL-FK-2010-000120110418140122.jpg','MSFL-FK-2010-000120110418140122','y',2);
INSERT INTO `archfiles` VALUES ('2c90b0c52f71fbe0012f7226fdc0000b','2c90b0c52f71c292012f71c43b28000a','MSFL-PROJECT/MSFL-FK/MSFL-FK-2011-0001/MSFL-FK-2011-0001-003/MSFL-FK-2010-000120110418171859.jpg','MSFL-FK-2010-000120110418171859','y',3);
INSERT INTO `archfiles` VALUES ('2c90b0c52f71fbe0012f7226fe7c000c','2c90b0c52f71c292012f71c43b57000b','MSFL-PROJECT/MSFL-FK/MSFL-FK-2011-0001/MSFL-FK-2011-0001-004/MSFL-FK-2010-000120110418172431.jpg','MSFL-FK-2010-000120110418172431','y',1);
INSERT INTO `archfiles` VALUES ('2c90b0c52f71fbe0012f7226ff47000d','2c90b0c52f71c292012f71c43b57000b','MSFL-PROJECT/MSFL-FK/MSFL-FK-2011-0001/MSFL-FK-2011-0001-004/MSFL-FK-2010-000120110418173502.jpg','MSFL-FK-2010-000120110418173502','y',2);
INSERT INTO `archfiles` VALUES ('2c90b0c52f71fbe0012f72270002000e','2c90b0c52f71c292012f71c43b67000c','MSFL-PROJECT/MSFL-FK/MSFL-FK-2011-0001/MSFL-FK-2011-0001-005/scan09040943300000.jpg','scan09040943300000','y',1);
INSERT INTO `archfiles` VALUES ('ff8080812f6c9197012f6c988019001a','ff8080812f6c627d012f6c69c2470007','MSFL-PROJECT/MSFL-FK/MSFL-FK-2009-0002/MSFL-FK-2009-0002-001/MSFLFK2009000220110419150934.bmp','MSFLFK2009000220110419150934','y',2);
INSERT INTO `archfiles` VALUES ('ff8080812f6c9197012f6c988122001b','ff8080812f6c627d012f6c69c2470007','MSFL-PROJECT/MSFL-FK/MSFL-FK-2009-0002/MSFL-FK-2009-0002-001/MSFLFK2009000220110419150936.bmp','MSFLFK2009000220110419150936','y',1);
INSERT INTO `archfiles` VALUES ('ff8080812f6c9197012f6c98819f001c','ff8080812f6c9197012f6c95e7bb0013','MSFL-PROJECT/MSFL-FK/MSFL-FK-2009-0002/MSFL-FK-2009-0002-002/MSFLFK2009000220110419150937.bmp','MSFLFK2009000220110419150937','y',1);
INSERT INTO `archfiles` VALUES ('ff8080812f6c9197012f6c9882d8001d','ff8080812f6c9197012f6c95e7bb0013','MSFL-PROJECT/MSFL-FK/MSFL-FK-2009-0002/MSFL-FK-2009-0002-002/MSFLFK2009000220110419150939.bmp','MSFLFK2009000220110419150939','y',2);
INSERT INTO `archfiles` VALUES ('ff8080812f6c9197012f6c988345001e','ff8080812f6c9197012f6c95e7bb0013','MSFL-PROJECT/MSFL-FK/MSFL-FK-2009-0002/MSFL-FK-2009-0002-002/MSFLFK2009000220110419150941.bmp','MSFLFK2009000220110419150941','y',3);
INSERT INTO `archfiles` VALUES ('ff8080812f6c9197012f6c9883e2001f','ff8080812f6c9197012f6c95e7ca0014','MSFL-PROJECT/MSFL-FK/MSFL-FK-2009-0002/MSFL-FK-2009-0002-003/MSFLFK2009000220110419150943.bmp','MSFLFK2009000220110419150943','y',1);
INSERT INTO `archfiles` VALUES ('ff8080812f6c9197012f6c98845f0020','ff8080812f6c9197012f6c95e7ca0014','MSFL-PROJECT/MSFL-FK/MSFL-FK-2009-0002/MSFL-FK-2009-0002-003/MSFLFK2009000220110419150946.bmp','MSFLFK2009000220110419150946','y',2);
INSERT INTO `archfiles` VALUES ('ff8080812f6c9197012f6c9884eb0021','ff8080812f6c9197012f6c95e7da0015','MSFL-PROJECT/MSFL-FK/MSFL-FK-2009-0002/MSFL-FK-2009-0002-004/MSFLFK2009000220110419150948.bmp','MSFLFK2009000220110419150948','y',1);
INSERT INTO `archfiles` VALUES ('ff8080812f6c9197012f6c9886430022','ff8080812f6c9197012f6c95e7da0015','MSFL-PROJECT/MSFL-FK/MSFL-FK-2009-0002/MSFL-FK-2009-0002-004/MSFLFK2009000220110419150949.bmp','MSFLFK2009000220110419150949','y',2);
INSERT INTO `archfiles` VALUES ('ff8080812f6c9197012f6c9886df0023','ff8080812f6c9197012f6c95e7ea0016','MSFL-PROJECT/MSFL-FK/MSFL-FK-2009-0002/MSFL-FK-2009-0002-005/MSFLFK2009000220110419150951.bmp','MSFLFK2009000220110419150951','y',1);
INSERT INTO `archfiles` VALUES ('ff8080812f6c9197012f6c98876c0024','ff8080812f6c9197012f6c95e7ea0016','MSFL-PROJECT/MSFL-FK/MSFL-FK-2009-0002/MSFL-FK-2009-0002-005/MSFLFK2009000220110419150953.bmp','MSFLFK2009000220110419150953','y',2);
INSERT INTO `archfiles` VALUES ('ff8080812f6c9197012f6c9887f80025','ff8080812f6c9197012f6c95e7ea0016','MSFL-PROJECT/MSFL-FK/MSFL-FK-2009-0002/MSFL-FK-2009-0002-005/MSFLFK2009000220110419150955.bmp','MSFLFK2009000220110419150955','y',3);
INSERT INTO `archfiles` VALUES ('ff8080812f6c9197012f6c9888660026','ff8080812f6c9197012f6c95e7ea0016','MSFL-PROJECT/MSFL-FK/MSFL-FK-2009-0002/MSFL-FK-2009-0002-005/MSFLFK2009000220110419150957.bmp','MSFLFK2009000220110419150957','y',4);
INSERT INTO `archfiles` VALUES ('ff8080812f6c9197012f6c9888e30027','ff8080812f6c9197012f6c95e7ea0016','MSFL-PROJECT/MSFL-FK/MSFL-FK-2009-0002/MSFL-FK-2009-0002-005/MSFLFK2009000220110419150959.bmp','MSFLFK2009000220110419150959','y',5);
INSERT INTO `archfiles` VALUES ('ff8080812f6c9197012f6c9889fc0028','ff8080812f6c9197012f6c95e8180017','MSFL-PROJECT/MSFL-FK/MSFL-FK-2009-0002/MSFL-FK-2009-0002-006/MSFLFK2009000220110419151001.bmp','MSFLFK2009000220110419151001','y',1);
INSERT INTO `archfiles` VALUES ('ff8080812f6c9197012f6c988a790029','ff8080812f6c9197012f6c95e8180017','MSFL-PROJECT/MSFL-FK/MSFL-FK-2009-0002/MSFL-FK-2009-0002-006/MSFLFK2009000220110419151003.bmp','MSFLFK2009000220110419151003','y',2);
INSERT INTO `archfiles` VALUES ('ff8080812f6c9197012f6c988b25002a','ff8080812f6c9197012f6c95e8280018','MSFL-PROJECT/MSFL-FK/MSFL-FK-2009-0002/MSFL-FK-2009-0002-007/MSFLFK2009000220110419151005.bmp','MSFLFK2009000220110419151005','y',1);
INSERT INTO `archfiles` VALUES ('ff8080812f6c9197012f6c9b9efc002c','ff8080812f6c9197012f6c95e79b0012','MSFL-PROJECT/MSFL-FK/MSFL-FK-2009-0002/MSFL-FK-2009-0002-001/MSFLFK2009000220110419151326.bmp','MSFLFK2009000220110419151326','y',3);
/*!40000 ALTER TABLE `archfiles` ENABLE KEYS */;
UNLOCK TABLES;

#
# Source for table architem
#

DROP TABLE IF EXISTS `architem`;
CREATE TABLE `architem` (
  `objuid` varchar(32) NOT NULL DEFAULT '',
  `archtype` varchar(32) DEFAULT NULL,
  `archsubtype` varchar(32) DEFAULT NULL,
  `filingyear` varchar(4) DEFAULT NULL,
  `unit` varchar(30) DEFAULT NULL,
  `catalogcode` varchar(30) DEFAULT NULL,
  `rollcode` varchar(30) DEFAULT NULL,
  `sortcode` varchar(30) DEFAULT NULL,
  `retainterm` varchar(30) DEFAULT NULL,
  `rollarchcode` varchar(30) DEFAULT NULL,
  `tenant` varchar(255) DEFAULT NULL,
  `itemname` varchar(100) DEFAULT NULL,
  `contractcode` varchar(30) DEFAULT NULL,
  `fondscode` varchar(20) DEFAULT NULL,
  `leasebegin` varchar(8) DEFAULT NULL,
  `leaseend` varchar(8) DEFAULT NULL,
  `filingdate` varchar(10) DEFAULT NULL,
  `totalpages` int(4) DEFAULT NULL,
  `totalpcs` int(4) DEFAULT NULL,
  `secretdegree` varchar(10) DEFAULT NULL,
  `storesite` varchar(150) DEFAULT NULL,
  `note` varchar(255) DEFAULT NULL,
  `keyinman` varchar(32) DEFAULT NULL,
  `dept_uid` varchar(32) DEFAULT NULL,
  `keyintime` datetime DEFAULT NULL,
  `spstatus` varchar(4) DEFAULT NULL COMMENT 'zzlr,正在录入;sqrk,申请入库;rkth,入库退回;zsrk,正式入库;sqxg,申请修改;xgth,退回申请(申请修改);xglr,修改录入;xsrk,申请入库(修改);xsth,退回入库申请(修改);xzrk,正式入库(修改);',
  `stocking` varchar(1) DEFAULT NULL,
  PRIMARY KEY (`objuid`)
) ENGINE=InnoDB DEFAULT CHARSET=utf8;

#
# Dumping data for table architem
#

LOCK TABLES `architem` WRITE;
/*!40000 ALTER TABLE `architem` DISABLE KEYS */;
INSERT INTO `architem` VALUES ('2c90b0c52f71c292012f71c4323f0001','2c90b0482f0977b3012f0a735e5800cf','2c90b0482f0977b3012f0a853e0700da','2011','MSFL','11-0001','0001',NULL,'teny','MSFL-FK-2011-0001','北京紫枫科技开发有限公司','北京紫枫科技开发有限公司项目开发','ASDFASDFASDFASDF','M','20110328','20110507','2011-4-20',15,5,'xxx2','滴答滴答滴答滴答滴答滴答滴答滴答滴答滴答滴答滴答滴',NULL,'2c90b0182ee04439012ee046b7b40002','2c90b1b02f0b4b7e012f0b87e83b002c','2011-04-20 15:16:14','zzlr','n');
INSERT INTO `architem` VALUES ('ff8080812f6c627d012f6c69b8730001','2c90b0482f0977b3012f0a735e5800cf','2c90b0482f0977b3012f0a7cc8de00d4','2010','MSFL','0001','0001',NULL,'yjbl','MSFL-FK-2010-0001','承德公司','承德公司3亿售后回租','ASSSSSS','M','20110404','20110507','2011-4-20',14,30,'xxx2','A区A库房',NULL,'2c90b0182ee04439012ee046b7b40002','2c90b1b02f0b4b7e012f0b87e83b002c','2011-04-19 14:19:18','zzlr','n');
INSERT INTO `architem` VALUES ('ff8080812f6c9197012f6c94ea210001','2c90b0482f0977b3012f0a735e5800cf','2c90b0482f0977b3012f0a853e0700da','2009','MSFL','0001','0001','xxx2','yjbl','MSFL-FK-2009-0001','AAAAA','AAAAA','AAAAA','M','20110412','20110507','2011-4-11',NULL,7,'xxx2',NULL,NULL,'2c90b0182ee04439012ee046b7b40002','2c90b1b02f0b4b7e012f0b87e83b002c','2011-04-19 15:06:29','zzlr','n');
INSERT INTO `architem` VALUES ('ff8080812f6c9197012f6c95e5f6000d','2c90b0482f0977b3012f0a735e5800cf','2c90b0482f0977b3012f0a853e0700da','2009','MSFL','0002','0002','xxx1','yjbl','MSFL-FK-2009-0002','承德公司','承德公司3亿售后回租','AAAAAAA','M','20110419','20110611','2011-4-20',NULL,7,'xxx2','A库A区',NULL,'2c90b0182ee04439012ee046b7b40002','2c90b1b02f0b4b7e012f0b87e83b002c','2011-04-19 15:07:33','zsrk','y');
/*!40000 ALTER TABLE `architem` ENABLE KEYS */;
UNLOCK TABLES;

#
# Source for table archrightsapp
#

DROP TABLE IF EXISTS `archrightsapp`;
CREATE TABLE `archrightsapp` (
  `objuid` varchar(32) NOT NULL DEFAULT '',
  `item_uid` varchar(32) DEFAULT NULL,
  `sq_user` varchar(32) DEFAULT NULL,
  `righttype` varchar(4) DEFAULT NULL COMMENT 'sqxz,下载申请;sqdy,打印申请;sqck,查看申请;',
  `rstatus` varchar(4) DEFAULT NULL COMMENT 'xtsp,提交;xtth,退回;zcsp,通过;zcth,退回;banj,批准;',
  `ifrefuse` varchar(1) DEFAULT NULL COMMENT '拒绝''y'',允许''n''',
  `effecno` int(4) DEFAULT NULL,
  `effecdate` date DEFAULT NULL,
  `shqingtime` datetime DEFAULT NULL,
  `shxiaotime` datetime DEFAULT NULL,
  `sp_user` varchar(32) DEFAULT NULL,
  `oldjl` varchar(1) DEFAULT NULL COMMENT '新增时，先把旧记录标志，每次查询都排除旧记录，用于视图和重新申请时确定业务uid',
  PRIMARY KEY (`objuid`)
) ENGINE=InnoDB DEFAULT CHARSET=utf8;

#
# Dumping data for table archrightsapp
#

LOCK TABLES `archrightsapp` WRITE;
/*!40000 ALTER TABLE `archrightsapp` DISABLE KEYS */;
INSERT INTO `archrightsapp` VALUES ('ff8080812f6c9197012f6c9fa5040036','ff8080812f6c9197012f6c95e5f6000d','2c90b0182ee04439012ee046b7b40002','sqdy','banj','n',0,NULL,'2011-04-19 15:19:46','2011-04-19 15:29:38','40288031288a2b8501288a3704e00005',NULL);
INSERT INTO `archrightsapp` VALUES ('ff8080812f6c9197012f6caabfca0046','ff8080812f6c9197012f6c95e5f6000d','2c90b0182ee04439012ee046b7b40002','sqxz','xtsp',NULL,NULL,NULL,'2011-04-19 15:30:20',NULL,NULL,NULL);
/*!40000 ALTER TABLE `archrightsapp` ENABLE KEYS */;
UNLOCK TABLES;

#
# Source for table archversion
#

DROP TABLE IF EXISTS `archversion`;
CREATE TABLE `archversion` (
  `objuid` varchar(32) NOT NULL DEFAULT '',
  `item_uid` varchar(32) DEFAULT NULL,
  `versionno` varchar(20) DEFAULT NULL,
  `draftstatus` varchar(1) DEFAULT NULL,
  `createtime` datetime DEFAULT NULL,
  `failtime` datetime DEFAULT NULL,
  `effective` varchar(1) DEFAULT NULL,
  PRIMARY KEY (`objuid`)
) ENGINE=InnoDB DEFAULT CHARSET=utf8;

#
# Dumping data for table archversion
#

LOCK TABLES `archversion` WRITE;
/*!40000 ALTER TABLE `archversion` DISABLE KEYS */;
INSERT INTO `archversion` VALUES ('2c90b0c52f71c292012f71c437ec0004','2c90b0c52f71c292012f71c4323f0001','201104201517','y','2011-04-20 15:16:15',NULL,'y');
INSERT INTO `archversion` VALUES ('ff8080812f6c627d012f6c69bebd0004','ff8080812f6c627d012f6c69b8730001','201104191420','y','2011-04-19 14:19:20',NULL,'y');
INSERT INTO `archversion` VALUES ('ff8080812f6c9197012f6c94ecf00004','ff8080812f6c9197012f6c94ea210001','201104191507','y','2011-04-19 15:06:30',NULL,'y');
INSERT INTO `archversion` VALUES ('ff8080812f6c9197012f6c95e6e00010','ff8080812f6c9197012f6c95e5f6000d','201104191508','n','2011-04-19 15:07:34',NULL,'y');
/*!40000 ALTER TABLE `archversion` ENABLE KEYS */;
UNLOCK TABLES;

#
# Source for table dicitemcatalog
#

DROP TABLE IF EXISTS `dicitemcatalog`;
CREATE TABLE `dicitemcatalog` (
  `objuid` varchar(32) NOT NULL DEFAULT '',
  `parentuid` varchar(32) DEFAULT NULL,
  `typename` varchar(100) DEFAULT NULL,
  `orderno` int(4) DEFAULT NULL,
  `note` varchar(255) DEFAULT NULL,
  PRIMARY KEY (`objuid`)
) ENGINE=InnoDB DEFAULT CHARSET=utf8;

#
# Dumping data for table dicitemcatalog
#

LOCK TABLES `dicitemcatalog` WRITE;
/*!40000 ALTER TABLE `dicitemcatalog` DISABLE KEYS */;
INSERT INTO `dicitemcatalog` VALUES ('2c90b0482f0977b3012f0a735e5800cf',NULL,'放款',NULL,'五种项目类型：放款、评审、保理、法律诉讼、租后管理。');
INSERT INTO `dicitemcatalog` VALUES ('2c90b0482f0977b3012f0a73fe7100d0',NULL,'评审',NULL,'五种项目类型：放款、评审、保理、法律诉讼、租后管理。');
INSERT INTO `dicitemcatalog` VALUES ('2c90b0482f0977b3012f0a75c59400d1',NULL,'保理',NULL,'五种项目类型：放款、评审、保理、法律诉讼、租后管理。');
INSERT INTO `dicitemcatalog` VALUES ('2c90b0482f0977b3012f0a7638ff00d2',NULL,'法律诉讼',NULL,'五种项目类型：放款、评审、保理、法律诉讼、租后管理。');
INSERT INTO `dicitemcatalog` VALUES ('2c90b0482f0977b3012f0a76846000d3',NULL,'租后管理',NULL,'五种项目类型：放款、评审、保理、法律诉讼、租后管理。');
INSERT INTO `dicitemcatalog` VALUES ('2c90b0482f0977b3012f0a7cc8de00d4','2c90b0482f0977b3012f0a735e5800cf','经营放款',NULL,'经营性放款是指商业银行对工商企业经营活动过程中的正常资金需要而发放的放款。包括工商业放款、农业放款和不动产抵押放款等。');
INSERT INTO `dicitemcatalog` VALUES ('2c90b0482f0977b3012f0a853e0700da','2c90b0482f0977b3012f0a735e5800cf','融资放款',NULL,'融资放款\n');
INSERT INTO `dicitemcatalog` VALUES ('2c90b0482f0977b3012f0a89ca7500db','2c90b0482f0977b3012f0a7cc8de00d4','项目审批通知书',1,'内部审批要件资料');
INSERT INTO `dicitemcatalog` VALUES ('2c90b0482f0977b3012f0a8afa4a00dc','2c90b0482f0977b3012f0a7cc8de00d4','紧急事项审批通知书',2,NULL);
INSERT INTO `dicitemcatalog` VALUES ('2c90b0482f0977b3012f0a8b1eba00dd','2c90b0482f0977b3012f0a7cc8de00d4','项目经办责任人声明',3,NULL);
INSERT INTO `dicitemcatalog` VALUES ('2c90b0482f0977b3012f0a8b4cc000de','2c90b0482f0977b3012f0a7cc8de00d4','业务合同签章及用印审批书',4,NULL);
INSERT INTO `dicitemcatalog` VALUES ('2c90b0482f0977b3012f0a8b8eca00df','2c90b0482f0977b3012f0a7cc8de00d4','项目用款计划书',5,NULL);
INSERT INTO `dicitemcatalog` VALUES ('2c90b0482f0977b3012f0a915dba00e2','2c90b0482f0977b3012f0a853e0700da','付款通知书',1,NULL);
INSERT INTO `dicitemcatalog` VALUES ('2c90b0482f0977b3012f0a91803600e3','2c90b0482f0977b3012f0a853e0700da','租赁物所有权转移证明',2,NULL);
INSERT INTO `dicitemcatalog` VALUES ('2c90b0482f0977b3012f0a91a05100e4','2c90b0482f0977b3012f0a853e0700da','重要权利凭证入/出（临时）库单',3,NULL);
INSERT INTO `dicitemcatalog` VALUES ('2c90b0482f0977b3012f0a91c5ab00e5','2c90b0482f0977b3012f0a853e0700da','租赁物所有权证',4,NULL);
INSERT INTO `dicitemcatalog` VALUES ('2c90b0482f0977b3012f0a91e77c00e6','2c90b0482f0977b3012f0a853e0700da','抵（质）押权证',5,NULL);
INSERT INTO `dicitemcatalog` VALUES ('2c90b0482f0977b3012f0a920c0b00e7','2c90b0482f0977b3012f0a853e0700da','担保函',6,NULL);
INSERT INTO `dicitemcatalog` VALUES ('2c90b0482f0977b3012f0a922ea600e8','2c90b0482f0977b3012f0a853e0700da','承诺函',7,NULL);
INSERT INTO `dicitemcatalog` VALUES ('2c90b0b92f5841f9012f5844758a0002','2c90b0482f0977b3012f0a73fe7100d0','项目评审',NULL,'项目评审');
INSERT INTO `dicitemcatalog` VALUES ('2c90b0b92f5841f9012f5844da6e0003','2c90b0b92f5841f9012f5844758a0002','评审说明书',1,NULL);
INSERT INTO `dicitemcatalog` VALUES ('2c90b0b92f5841f9012f584508540004','2c90b0b92f5841f9012f5844758a0002','评审证明',2,NULL);
INSERT INTO `dicitemcatalog` VALUES ('402880072f33c169012f33c199170001','2c90b0482f0977b3012f0a735e5800cf','租赁放款',NULL,'租赁放款');
INSERT INTO `dicitemcatalog` VALUES ('402881e92f43708a012f437ac5db0002','2c90b0482f0977b3012f0a7cc8de00d4','法律意见书',6,NULL);
INSERT INTO `dicitemcatalog` VALUES ('402881e92f43708a012f437b1d800003','2c90b0482f0977b3012f0a7cc8de00d4','租金附表复核审批书',7,NULL);
INSERT INTO `dicitemcatalog` VALUES ('402881e92f43708a012f437b41060004','2c90b0482f0977b3012f0a7cc8de00d4','其它',8,NULL);
INSERT INTO `dicitemcatalog` VALUES ('402881e92f43708a012f437bf40a0005','2c90b0482f0977b3012f0a7cc8de00d4','付款通知书',9,'项目要件资料');
INSERT INTO `dicitemcatalog` VALUES ('402881e92f43708a012f437d0a8b0007','2c90b0482f0977b3012f0a7cc8de00d4','租赁物所有权转移证明',10,NULL);
INSERT INTO `dicitemcatalog` VALUES ('402881e92f43708a012f437d2c8a0008','2c90b0482f0977b3012f0a7cc8de00d4','重要权利凭证入/出（临时）库单',11,NULL);
INSERT INTO `dicitemcatalog` VALUES ('402881e92f43708a012f437d537b0009','2c90b0482f0977b3012f0a7cc8de00d4','租赁物所有权证',12,NULL);
INSERT INTO `dicitemcatalog` VALUES ('402881e92f43708a012f437dc8da000a','2c90b0482f0977b3012f0a7cc8de00d4','抵（质）押权证',13,NULL);
INSERT INTO `dicitemcatalog` VALUES ('402881e92f43708a012f437df3d2000b','2c90b0482f0977b3012f0a7cc8de00d4','担保函',14,NULL);
INSERT INTO `dicitemcatalog` VALUES ('402881e92f43708a012f437eace1000c','2c90b0482f0977b3012f0a7cc8de00d4','承诺函',15,NULL);
INSERT INTO `dicitemcatalog` VALUES ('402881e92f43708a012f437ecc8e000d','2c90b0482f0977b3012f0a7cc8de00d4','租赁物接受证明',16,NULL);
INSERT INTO `dicitemcatalog` VALUES ('402881e92f43708a012f437eef49000e','2c90b0482f0977b3012f0a7cc8de00d4','保单及批单',17,NULL);
INSERT INTO `dicitemcatalog` VALUES ('402881e92f43708a012f437f1186000f','2c90b0482f0977b3012f0a7cc8de00d4','发票',18,NULL);
INSERT INTO `dicitemcatalog` VALUES ('402881e92f43708a012f437f4d660010','2c90b0482f0977b3012f0a7cc8de00d4','其它（                       ）',19,NULL);
INSERT INTO `dicitemcatalog` VALUES ('402881e92f43708a012f437fedae0011','2c90b0482f0977b3012f0a7cc8de00d4','承租人基础资料□ 供应商基础资料□',20,'（1）股东会决议/董事会决议\r\n（2）工商部门出具的股东或董事签章样本\r\n（3）法定代表人身份证明\r\n（4）法定代表人身份证件\r\n（5）授权委托书\r\n（6）受权人身份证件\r\n（7）公司章程（含修订部分）\r\n（8）营业执照副本\r\n（9）组织机构代码证副本\r\n（10）工商部门出具的企业登记资料\r\n（11）其它（                         ）\r\n');
INSERT INTO `dicitemcatalog` VALUES ('402881e92f43708a012f43806fde0012','2c90b0482f0977b3012f0a7cc8de00d4','担保人资料',21,'（1）股东会决议/董事会决议\r\n（2）工商部门出具的股东或董事签章样本\r\n（3）法定代表人身份证明\r\n（4）法定代表人身份证件\r\n（5）授权委托书\r\n（6）受权人身份证件\r\n（7）公司章程（含修订部分）\r\n（8）营业执照副本\r\n（9）组织机构代码证副本\r\n（10）工商部门出具的企业登记资料\r\n（11）其它（                         ）\r\n');
INSERT INTO `dicitemcatalog` VALUES ('402881e92f43708a012f4380b0230013','2c90b0482f0977b3012f0a7cc8de00d4','融资租赁合同',22,' 项目合同');
INSERT INTO `dicitemcatalog` VALUES ('402881e92f43708a012f4380e2db0014','2c90b0482f0977b3012f0a7cc8de00d4','买卖（建造）合同',23,NULL);
INSERT INTO `dicitemcatalog` VALUES ('402881e92f43708a012f438106420015','2c90b0482f0977b3012f0a7cc8de00d4','委托购买（建造）合同',24,NULL);
INSERT INTO `dicitemcatalog` VALUES ('402881e92f43708a012f438127c40016','2c90b0482f0977b3012f0a7cc8de00d4','担保合同/抵质押合同/回购协议',25,NULL);
INSERT INTO `dicitemcatalog` VALUES ('402881e92f43708a012f438146b60017','2c90b0482f0977b3012f0a7cc8de00d4','业务合作合同（手续费）',26,NULL);
INSERT INTO `dicitemcatalog` VALUES ('402881e92f43708a012f438170b40018','2c90b0482f0977b3012f0a7cc8de00d4','保证金合同',27,NULL);
INSERT INTO `dicitemcatalog` VALUES ('402881e92f43708a012f438191c90019','2c90b0482f0977b3012f0a7cc8de00d4','资产管理合同（资产管理费）',28,NULL);
INSERT INTO `dicitemcatalog` VALUES ('402881e92f43708a012f4381b629001a','2c90b0482f0977b3012f0a7cc8de00d4','租赁物买卖合同权利义务转让协议',29,NULL);
INSERT INTO `dicitemcatalog` VALUES ('402881e92f43708a012f4381d6d0001b','2c90b0482f0977b3012f0a7cc8de00d4','账户监管协议',30,NULL);
INSERT INTO `dicitemcatalog` VALUES ('402881e92f43708a012f438200ee001c','2c90b0482f0977b3012f0a7cc8de00d4','其它合同（                    ）',31,NULL);
/*!40000 ALTER TABLE `dicitemcatalog` ENABLE KEYS */;
UNLOCK TABLES;

#
# Source for table do_auth_owner
#

DROP TABLE IF EXISTS `do_auth_owner`;
CREATE TABLE `do_auth_owner` (
  `objUid` varchar(32) NOT NULL DEFAULT '',
  `whereDOBO` varchar(32) DEFAULT NULL,
  `whereBOInstanceUid` varchar(32) DEFAULT NULL,
  `authorUid` varchar(32) DEFAULT NULL,
  `parterUid` varchar(32) DEFAULT NULL,
  `creator` varchar(255) DEFAULT NULL,
  `creatDate` datetime DEFAULT NULL,
  `modifier` varchar(255) DEFAULT NULL,
  `modifyDate` datetime DEFAULT NULL,
  `mVersion` varchar(50) DEFAULT NULL,
  PRIMARY KEY (`objUid`)
) ENGINE=MyISAM DEFAULT CHARSET=utf8;

#
# Dumping data for table do_auth_owner
#

LOCK TABLES `do_auth_owner` WRITE;
/*!40000 ALTER TABLE `do_auth_owner` DISABLE KEYS */;
/*!40000 ALTER TABLE `do_auth_owner` ENABLE KEYS */;
UNLOCK TABLES;

#
# Source for table do_auth_suite
#

DROP TABLE IF EXISTS `do_auth_suite`;
CREATE TABLE `do_auth_suite` (
  `objuid` varchar(32) NOT NULL DEFAULT '',
  `name` varchar(100) DEFAULT NULL,
  `l10n` varchar(300) DEFAULT NULL,
  `suiteMainMenuUid` varchar(32) DEFAULT NULL,
  `includeAuthTxt` varchar(50) DEFAULT NULL,
  `extendConfig` varchar(500) DEFAULT NULL,
  `includeType` int(11) DEFAULT NULL,
  `includeUid` varchar(32) DEFAULT NULL,
  `creator` varchar(255) DEFAULT NULL,
  `creatDate` datetime DEFAULT NULL,
  `modifier` varchar(255) DEFAULT NULL,
  `modifyDate` datetime DEFAULT NULL,
  `mVersion` varchar(50) DEFAULT NULL,
  PRIMARY KEY (`objuid`)
) ENGINE=MyISAM DEFAULT CHARSET=utf8;

#
# Dumping data for table do_auth_suite
#

LOCK TABLES `do_auth_suite` WRITE;
/*!40000 ALTER TABLE `do_auth_suite` DISABLE KEYS */;
/*!40000 ALTER TABLE `do_auth_suite` ENABLE KEYS */;
UNLOCK TABLES;

#
# Source for table do_authorization
#

DROP TABLE IF EXISTS `do_authorization`;
CREATE TABLE `do_authorization` (
  `objUID` varchar(32) NOT NULL DEFAULT '',
  `parterUid` varchar(32) DEFAULT NULL,
  `ouUid` varchar(100) DEFAULT NULL,
  `roleUid` varchar(32) DEFAULT NULL,
  `whereDOBO` varchar(32) DEFAULT NULL,
  `whereBOInstanceUid` varchar(32) DEFAULT NULL,
  `whatType` int(11) DEFAULT NULL,
  `whatUid` varchar(32) DEFAULT NULL,
  `authority` char(1) DEFAULT NULL,
  `isInherit` char(1) DEFAULT NULL,
  `creator` varchar(255) DEFAULT NULL,
  `creatDate` datetime DEFAULT NULL,
  `modifier` varchar(255) DEFAULT NULL,
  `modifyDate` datetime DEFAULT NULL,
  `mVersion` varchar(50) DEFAULT NULL,
  PRIMARY KEY (`objUID`)
) ENGINE=MyISAM DEFAULT CHARSET=utf8;

#
# Dumping data for table do_authorization
#

LOCK TABLES `do_authorization` WRITE;
/*!40000 ALTER TABLE `do_authorization` DISABLE KEYS */;
INSERT INTO `do_authorization` VALUES ('2c90b0c12f5c1951012f5c1c6be30050','9','40288031287fd27f01287fa563bc1004',NULL,NULL,NULL,16,'2c90b0c12f5c1951012f5c1c2092004f','1','1',NULL,NULL,NULL,NULL,NULL);
INSERT INTO `do_authorization` VALUES ('2c90b0e02f24cb90012f24d33ed00002','9','40288031287fd27f01287fe80c5a0009',NULL,NULL,NULL,110,'msflrights_n5','1','1',NULL,NULL,NULL,NULL,NULL);
INSERT INTO `do_authorization` VALUES ('2c90b0e02f24cb90012f24d365820003','9','40288031287fd27f01287fdb80af0001',NULL,NULL,NULL,110,'msflrights_n6','1','1',NULL,NULL,NULL,NULL,NULL);
INSERT INTO `do_authorization` VALUES ('2c90b0e02f24cb90012f24d3dd810004','9','40288031287fd27f01287fa563bc1004',NULL,NULL,NULL,110,'msflrights_n4','1','1',NULL,NULL,NULL,NULL,NULL);
INSERT INTO `do_authorization` VALUES ('2c90b0e02f24cb90012f24d40cbf0005','9','4028803127b6f15a0127b725c6930003',NULL,NULL,NULL,110,'msflrights_n4','1','1',NULL,NULL,NULL,NULL,NULL);
INSERT INTO `do_authorization` VALUES ('2c90b0e62f0e9d00012f0eacc6210008','9','40288031287fd27f01287fa563bc1004',NULL,NULL,NULL,110,'msflarchsp_n4','1','1',NULL,NULL,NULL,NULL,NULL);
INSERT INTO `do_authorization` VALUES ('2c90b0e62f0e9d00012f0eace5ed0009','9','40288031287fd27f01287fe80c5a0009',NULL,NULL,NULL,110,'msflarchsp_n5','1','1',NULL,NULL,NULL,NULL,NULL);
INSERT INTO `do_authorization` VALUES ('2c90b0e62f0ed615012f0effa76a000f','9','40288031287fd27f01287fa563bc1004',NULL,NULL,NULL,16,'402880072ec6c705012ec6c9897e01d0','1','1',NULL,NULL,NULL,NULL,NULL);
INSERT INTO `do_authorization` VALUES ('2c90b0e62f0ed615012f0efff7bc0010','9','40288031287fd27f01287fe80c5a0009',NULL,NULL,NULL,16,'2c90b0ec2edb7978012edb985fe7003a','1','1',NULL,NULL,NULL,NULL,NULL);
INSERT INTO `do_authorization` VALUES ('2c90b0e62f0ed615012f0f0131550011','9','40288031287fd27f01287fe800210010',NULL,NULL,NULL,16,'2c90b0182ee21f40012ee24a73010050','1','1',NULL,NULL,NULL,NULL,NULL);
INSERT INTO `do_authorization` VALUES ('2c90b0e62f0ed615012f0f0150c40012','9','40288031287fd27f01287fe80c5a0009',NULL,NULL,NULL,16,'2c90b0182ee21f40012ee24a73010050','1','1',NULL,NULL,NULL,NULL,NULL);
INSERT INTO `do_authorization` VALUES ('2c90b0e62f0ed615012f0f0194450013','9','40288031287fd27f01287fdb80af0001',NULL,NULL,NULL,16,'2c90b0182ee21f40012ee24a73010050','1','1',NULL,NULL,NULL,NULL,NULL);
INSERT INTO `do_authorization` VALUES ('2c90b0e62f0ed615012f0f01a53d0014','9','4028803127b6f15a0127b725c6930003',NULL,NULL,NULL,16,'2c90b0e62f0e9d00012f0ebc86d8000a','1','1',NULL,NULL,NULL,NULL,NULL);
INSERT INTO `do_authorization` VALUES ('2c90b0e62f0ed615012f0f01b4510015','9','40288031287fd27f01287fa563bc1004',NULL,NULL,NULL,16,'2c90b0e62f0e9d00012f0ebc86d8000a','1','1',NULL,NULL,NULL,NULL,NULL);
INSERT INTO `do_authorization` VALUES ('2c90b0e62f0ed615012f0f0207b00016','9','40288031287fd27f01287fdc70100003',NULL,NULL,NULL,16,'2c90b0e62f0e9d00012f0ebc86d8000a','1','1',NULL,NULL,NULL,NULL,NULL);
INSERT INTO `do_authorization` VALUES ('2c90b0f52f2d895f012f2d97eb880006','9','40288031287fd27f01287fe80c5a0009',NULL,NULL,NULL,110,'msflmodify_n5','1','1',NULL,NULL,NULL,NULL,NULL);
INSERT INTO `do_authorization` VALUES ('2c90b0f52f2d895f012f2d9831a90007','9','40288031287fd27f01287fdb80af0001',NULL,NULL,NULL,110,'msflmodify_n6','1','1',NULL,NULL,NULL,NULL,NULL);
INSERT INTO `do_authorization` VALUES ('2c90b0f52f2d895f012f2d9878860008','9','40288031287fd27f01287fa563bc1004',NULL,NULL,NULL,110,'msflmodify_n4','1','1',NULL,NULL,NULL,NULL,NULL);
INSERT INTO `do_authorization` VALUES ('2c90b0f52f2d895f012f2dc581360052','9','40288031287fd27f01287fe80c5a0009',NULL,NULL,NULL,16,'2c90b0f52f2d895f012f2dc524ae0051','1','1',NULL,NULL,NULL,NULL,NULL);
INSERT INTO `do_authorization` VALUES ('2c90b0f52f2d895f012f2dc58dd80053','9','40288031287fd27f01287fdb80af0001',NULL,NULL,NULL,16,'2c90b0f52f2d895f012f2dc524ae0051','1','1',NULL,NULL,NULL,NULL,NULL);
INSERT INTO `do_authorization` VALUES ('2c90b0fc2f29e7c3012f2a441bef0089','9','40288031287fd27f01287fe80c5a0009',NULL,NULL,NULL,16,'2c90b0e02f247cf6012f24c909f6008c','1','1',NULL,NULL,NULL,NULL,NULL);
INSERT INTO `do_authorization` VALUES ('2c90b0fc2f29e7c3012f2a445212008b','9','40288031287fd27f01287fe80c5a0009',NULL,NULL,NULL,16,'2c90b0fc2f295688012f299e6d810040','1','1',NULL,NULL,NULL,NULL,NULL);
INSERT INTO `do_authorization` VALUES ('402880312870acd1012870f1133a0001','9','4028803127b6f15a0127b725c6930003',NULL,NULL,NULL,110,'test_n12','1','1',NULL,NULL,NULL,NULL,NULL);
INSERT INTO `do_authorization` VALUES ('402880312870acd10128712bf8ae000e','9','4028803127b6f15a0127b725c6930003',NULL,NULL,NULL,110,'test_n7','1','1',NULL,NULL,NULL,NULL,NULL);
INSERT INTO `do_authorization` VALUES ('40288031287fd27f01287fdfd2a40005','9','4028803127b6f15a0127b725c6930003',NULL,NULL,NULL,110,'tt2_n6','1','1',NULL,NULL,NULL,NULL,NULL);
INSERT INTO `do_authorization` VALUES ('40288031287fd27f0128801f4bb9000a','9','40288031287fd27f01287fdc23670002',NULL,NULL,NULL,110,'tt2_n11','1','1',NULL,NULL,NULL,NULL,NULL);
INSERT INTO `do_authorization` VALUES ('40288031287fd27f0128801f849c000b','9','40288031287fd27f01287fe80c5a0009',NULL,NULL,NULL,110,'tt2_n12','1','1',NULL,NULL,NULL,NULL,NULL);
INSERT INTO `do_authorization` VALUES ('40288031287fd27f0128801fb3f9000c','9','40288031287fd27f01287fdc70100003',NULL,NULL,NULL,110,'tt2_n13','1','1',NULL,NULL,NULL,NULL,NULL);
INSERT INTO `do_authorization` VALUES ('40288031288512d70128852439e90004','9','4028803127b6f15a0127b725c6930003',NULL,NULL,NULL,16,'40288031287fd27f0128804a71510076','1','1',NULL,NULL,NULL,NULL,NULL);
INSERT INTO `do_authorization` VALUES ('40288031288512d7012885249bc00006','9','40288031287fd27f01287fdb80af0001',NULL,NULL,NULL,16,'40288031287fd27f0128804a71510076','1','1',NULL,NULL,NULL,NULL,NULL);
INSERT INTO `do_authorization` VALUES ('40288031288512d701288524b1d80007','9','40288031287fd27f01287fdc23670002',NULL,NULL,NULL,16,'40288031287fd27f0128804a71510076','1','1',NULL,NULL,NULL,NULL,NULL);
INSERT INTO `do_authorization` VALUES ('40288031288512d70128852572b70008','9','40288031287fd27f01287fdc70100003',NULL,NULL,NULL,16,'40288031287fd27f0128804a71510076','1','1',NULL,NULL,NULL,NULL,NULL);
INSERT INTO `do_authorization` VALUES ('40288031288512d70128852588620009','9','40288031287fd27f01287fe80c5a0009',NULL,NULL,NULL,16,'40288031287fd27f0128804a71510076','1','1',NULL,NULL,NULL,NULL,NULL);
INSERT INTO `do_authorization` VALUES ('40288031288512d701288525a57f000a','9','40288031287fd27f01287fdb80af0001',NULL,NULL,NULL,16,'40288031287fd27f0128804c9b550077','1','1',NULL,NULL,NULL,NULL,NULL);
INSERT INTO `do_authorization` VALUES ('40288031288512d701288525bbe6000b','9','40288031287fd27f01287fdc23670002',NULL,NULL,NULL,16,'40288031287fd27f0128804c9b550077','1','1',NULL,NULL,NULL,NULL,NULL);
INSERT INTO `do_authorization` VALUES ('40288031288512d701288525d4ec000c','9','40288031287fd27f01287fdc70100003',NULL,NULL,NULL,16,'40288031287fd27f0128804c9b550077','1','1',NULL,NULL,NULL,NULL,NULL);
INSERT INTO `do_authorization` VALUES ('40288031288512d70128852615cd000e','9','40288031287fd27f01287fe80c5a0009',NULL,NULL,NULL,16,'40288031287fd27f0128804c9b550077','1','1',NULL,NULL,NULL,NULL,NULL);
INSERT INTO `do_authorization` VALUES ('40288031288512d701288529a9c2000f','9','4028803127b6f15a0127b725c6930003',NULL,NULL,NULL,16,'402880312880f0bc012880f3b4cc0001','1','1',NULL,NULL,NULL,NULL,NULL);
INSERT INTO `do_authorization` VALUES ('40288031288a2b8501288a3652c60001','9','40288031287fd27f01287fdb80af0001',NULL,NULL,NULL,16,'402880312880f0bc012880f3b4cc0001','1','1',NULL,NULL,NULL,NULL,NULL);
INSERT INTO `do_authorization` VALUES ('40288031288a2b8501288a3660920002','9','40288031287fd27f01287fdc23670002',NULL,NULL,NULL,16,'402880312880f0bc012880f3b4cc0001','1','1',NULL,NULL,NULL,NULL,NULL);
INSERT INTO `do_authorization` VALUES ('40288031288a2b8501288a367a820003','9','40288031287fd27f01287fdc70100003',NULL,NULL,NULL,16,'402880312880f0bc012880f3b4cc0001','1','1',NULL,NULL,NULL,NULL,NULL);
INSERT INTO `do_authorization` VALUES ('40288031288a2b8501288a3685cd0004','9','40288031287fd27f01287fe80c5a0009',NULL,NULL,NULL,16,'402880312880f0bc012880f3b4cc0001','1','1',NULL,NULL,NULL,NULL,NULL);
INSERT INTO `do_authorization` VALUES ('40288031288a2b8501288a383e1c0007','9','4028803127b6f15a0127b725c6930003',NULL,NULL,NULL,16,'402880312880f0bc012880f413290002','1','1',NULL,NULL,NULL,NULL,NULL);
INSERT INTO `do_authorization` VALUES ('40288031288a2b8501288a384a220008','9','40288031287fd27f01287fdb80af0001',NULL,NULL,NULL,16,'402880312880f0bc012880f413290002','1','1',NULL,NULL,NULL,NULL,NULL);
INSERT INTO `do_authorization` VALUES ('40288031288a2b8501288a3858890009','9','40288031287fd27f01287fdc23670002',NULL,NULL,NULL,16,'402880312880f0bc012880f413290002','1','1',NULL,NULL,NULL,NULL,NULL);
INSERT INTO `do_authorization` VALUES ('40288031288a2b8501288a386cbd000a','9','40288031287fd27f01287fdc70100003',NULL,NULL,NULL,16,'402880312880f0bc012880f413290002','1','1',NULL,NULL,NULL,NULL,NULL);
INSERT INTO `do_authorization` VALUES ('40288031288a2b8501288a387960000b','9','40288031287fd27f01287fe80c5a0009',NULL,NULL,NULL,16,'402880312880f0bc012880f413290002','1','1',NULL,NULL,NULL,NULL,NULL);
INSERT INTO `do_authorization` VALUES ('40288031288a2b8501288a3d6812000f','9','40288031288a2b8501288a3d009d000d',NULL,NULL,NULL,16,'402880312788b836012788b844d10009','1','1',NULL,NULL,NULL,NULL,NULL);
INSERT INTO `do_authorization` VALUES ('40288031288a4cb701288a4ea76a0002','9','40288031288a2b8501288a3d009d000d',NULL,NULL,NULL,16,'402880312788b836012788b9b77c012c','1','1',NULL,NULL,NULL,NULL,NULL);
INSERT INTO `do_authorization` VALUES ('40288031288a4cb701288a4eb8fe0003','9','40288031288a2b8501288a3d009d000d',NULL,NULL,NULL,16,'402880312788b836012788ba043401ed','1','1',NULL,NULL,NULL,NULL,NULL);
INSERT INTO `do_authorization` VALUES ('40288031288a4cb701288a4ed4e20004','9','40288031288a2b8501288a3d009d000d',NULL,NULL,NULL,16,'40288031278f16d001278f43e525003c','1','1',NULL,NULL,NULL,NULL,NULL);
INSERT INTO `do_authorization` VALUES ('40288031288a4cb701288a4ee4c10005','9','40288031288a2b8501288a3d009d000d',NULL,NULL,NULL,16,'40288031278904920127890492720000','1','1',NULL,NULL,NULL,NULL,NULL);
INSERT INTO `do_authorization` VALUES ('40288031288a4cb701288a4ef4af0006','9','40288031288a2b8501288a3d009d000d',NULL,NULL,NULL,16,'40288031278a406e01278a6bb9ce005d','1','1',NULL,NULL,NULL,NULL,NULL);
INSERT INTO `do_authorization` VALUES ('40288031288a4cb701288a4f02d80007','9','40288031288a2b8501288a3d009d000d',NULL,NULL,NULL,16,'402880312793120d01279318032e0260','1','1',NULL,NULL,NULL,NULL,NULL);
/*!40000 ALTER TABLE `do_authorization` ENABLE KEYS */;
UNLOCK TABLES;

#
# Source for table do_code_maxsequence
#

DROP TABLE IF EXISTS `do_code_maxsequence`;
CREATE TABLE `do_code_maxsequence` (
  `OBJUID` varchar(32) NOT NULL,
  `SEQUENCE_NAME` varchar(255) DEFAULT NULL,
  `CODE_ITEMUID` varchar(32) DEFAULT NULL,
  `PROPERTYUID` varchar(32) DEFAULT NULL,
  `PROPERTYVALUE` varchar(255) DEFAULT NULL,
  `YEARSEQ` decimal(10,0) DEFAULT NULL,
  `MAX_SEQUENCE` decimal(19,0) DEFAULT NULL,
  `creator` varchar(255) DEFAULT NULL,
  `creatDate` datetime DEFAULT NULL,
  `modifier` varchar(255) DEFAULT NULL,
  `modifyDate` datetime DEFAULT NULL,
  `mVersion` varchar(50) DEFAULT NULL
) ENGINE=InnoDB DEFAULT CHARSET=utf8;

#
# Dumping data for table do_code_maxsequence
#

LOCK TABLES `do_code_maxsequence` WRITE;
/*!40000 ALTER TABLE `do_code_maxsequence` DISABLE KEYS */;
/*!40000 ALTER TABLE `do_code_maxsequence` ENABLE KEYS */;
UNLOCK TABLES;

#
# Source for table do_log
#

DROP TABLE IF EXISTS `do_log`;
CREATE TABLE `do_log` (
  `objuid` varchar(32) NOT NULL DEFAULT '',
  `userName` varchar(50) DEFAULT NULL,
  `deptName` varchar(255) DEFAULT NULL,
  `loginTime` datetime DEFAULT NULL,
  `logoffTime` datetime DEFAULT NULL,
  `ip` varchar(50) DEFAULT NULL,
  `sessionid` varchar(50) DEFAULT NULL,
  PRIMARY KEY (`objuid`)
) ENGINE=MyISAM DEFAULT CHARSET=utf8;

#
# Dumping data for table do_log
#

LOCK TABLES `do_log` WRITE;
/*!40000 ALTER TABLE `do_log` DISABLE KEYS */;
INSERT INTO `do_log` VALUES ('2c90b0032f37d168012f37d168600000','a',NULL,'2011-04-09 09:12:41','2011-04-09 09:43:24','127.0.0.1','E31EA5B80DDA1AFA9E4895C6926EE7A8');
INSERT INTO `do_log` VALUES ('2c90b0032f37d168012f38056e9d0001','fxlr',NULL,'2011-04-09 10:09:30','2011-04-09 10:39:55','127.0.0.1','BF3002D614CF10BEC47188492C6888E3');
INSERT INTO `do_log` VALUES ('2c90b0092f4c6588012f4c6588730000','fxlr',NULL,'2011-04-13 09:06:53',NULL,'127.0.0.1','F6E1B44E1D66E97B8CF5F2FE6B3F33D5');
INSERT INTO `do_log` VALUES ('2c90b0092f4c6a9b012f4c6a9bc40000','a',NULL,'2011-04-13 09:12:25',NULL,'127.0.0.1','EBFD8708A2C54E33CA6BA4479C22C3AC');
INSERT INTO `do_log` VALUES ('2c90b0092f4c6a9b012f4c6affce0001','fxlr',NULL,'2011-04-13 09:12:51',NULL,'127.0.0.1','385BCD671784627F73BB2BB94C458BBC');
INSERT INTO `do_log` VALUES ('2c90b0092f4c712a012f4c712a1d0000','fxlr',NULL,'2011-04-13 09:19:35',NULL,'127.0.0.1','F1F64FAAF8027728FB35D476502904B6');
INSERT INTO `do_log` VALUES ('2c90b0092f4c75e9012f4c75e9620000','fxlr',NULL,'2011-04-13 09:24:46',NULL,'127.0.0.1','E0E17A4C3D8ECE7173A247F80704C58E');
INSERT INTO `do_log` VALUES ('2c90b0092f4c7fe9012f4c7fe9900000','fxlr',NULL,'2011-04-13 09:35:41',NULL,'127.0.0.1','BE96DD8D6536BA9EB92B3692361EB6E7');
INSERT INTO `do_log` VALUES ('2c90b0092f4c83d6012f4c83d6ef0000','fxlr',NULL,'2011-04-13 09:39:59',NULL,'127.0.0.1','5F2993C2DEE451E3AE3BC745E2912CB4');
INSERT INTO `do_log` VALUES ('2c90b0092f4c8e2a012f4c8e2adb0000','fxlr',NULL,'2011-04-13 09:51:16','2011-04-13 10:26:14','127.0.0.1','C9744DFF5A1D323C584EDF3A502B665A');
INSERT INTO `do_log` VALUES ('2c90b0092f4c8e2a012f4c9397770001','a',NULL,'2011-04-13 09:57:11',NULL,'127.0.0.1','4AD625EE8C28748CD35F3D1C01837D0D');
INSERT INTO `do_log` VALUES ('2c90b0092f4cb845012f4cb845ba0000','fxlr',NULL,'2011-04-13 10:37:15',NULL,'127.0.0.1','1400D3F3F4477212EC2F5079C852D3BB');
INSERT INTO `do_log` VALUES ('2c90b0092f4cbdb5012f4cbdb5150000','fxlr',NULL,'2011-04-13 10:43:11','2011-04-13 11:16:55','127.0.0.1','72A527C3EBA628BB5A8F4B03E1DBEB97');
INSERT INTO `do_log` VALUES ('2c90b0092f4cbdb5012f4cdb6cef0001','a',NULL,'2011-04-13 11:15:39','2011-04-13 12:08:27','127.0.0.1','B0E139ADE8562DFE389894ED568D4123');
INSERT INTO `do_log` VALUES ('2c90b0092f4cbdb5012f4cebac4b0002','fxlr',NULL,'2011-04-13 11:33:24','2011-04-13 12:08:27','127.0.0.1','ECAD5A86FBBC8A6B5359E990DBF278BE');
INSERT INTO `do_log` VALUES ('2c90b0092f4cbdb5012f4d6f1ea00003','a',NULL,'2011-04-13 13:56:58',NULL,'127.0.0.1','D0A922136FC8E354829A7F8A3ED19363');
INSERT INTO `do_log` VALUES ('2c90b0092f4cbdb5012f4d6ff9310004','fxlr',NULL,'2011-04-13 13:57:54','2011-04-13 14:32:01','127.0.0.1','D582949BACAEF5356DE16A0819797DF7');
INSERT INTO `do_log` VALUES ('2c90b0092f4cbdb5012f4d70b4630005','fxlr',NULL,'2011-04-13 13:58:42',NULL,'127.0.0.1','D0A922136FC8E354829A7F8A3ED19363');
INSERT INTO `do_log` VALUES ('2c90b0092f4cbdb5012f4dfcafe50007','fxlr',NULL,'2011-04-13 16:31:36',NULL,'127.0.0.1','748CE76375BCBB71975D52499A34230D');
INSERT INTO `do_log` VALUES ('2c90b0092f4e12d9012f4e12d95c0000','fxlr',NULL,'2011-04-13 16:55:48',NULL,'127.0.0.1','F87912A96F512DE6D45F6A3DFF5F945A');
INSERT INTO `do_log` VALUES ('2c90b0092f4e1889012f4e1889990000','fxlr',NULL,'2011-04-13 17:02:01',NULL,'127.0.0.1','7B1B3C10EDAB06F04B71DC16EDA9CAC8');
INSERT INTO `do_log` VALUES ('2c90b0092f4e1889012f4e20702e0001','a',NULL,'2011-04-13 17:10:39',NULL,'127.0.0.1','D1E8CB25A4BC77CD4377DBAD2A51503D');
INSERT INTO `do_log` VALUES ('2c90b0092f4e2e73012f4e2e73760000','fxlr',NULL,'2011-04-13 17:25:57',NULL,'127.0.0.1','BA64BEDB58F2E353FF40FDEADCE25B92');
INSERT INTO `do_log` VALUES ('2c90b0092f4e39c1012f4e39c1900000','fxlr',NULL,'2011-04-13 17:38:18',NULL,'127.0.0.1','B64299F18B820458E1E2D005645672BE');
INSERT INTO `do_log` VALUES ('2c90b0092f4e39c1012f4e3b66570001','a',NULL,'2011-04-13 17:40:06',NULL,'127.0.0.1','5833849BBA0C4BA2BA105FB1B93F3583');
INSERT INTO `do_log` VALUES ('2c90b0092f4e39c1012f4e43954f0002','fxlr',NULL,'2011-04-13 17:49:02',NULL,'127.0.0.1','5833849BBA0C4BA2BA105FB1B93F3583');
INSERT INTO `do_log` VALUES ('2c90b0092f4e54f7012f4e54f7d00000','fxlr',NULL,'2011-04-13 18:08:02','2011-04-13 18:09:03','127.0.0.1','FCD19FDC9C90FF0E26399D0E611EEA48');
INSERT INTO `do_log` VALUES ('2c90b0092f4e54f7012f4e561ab40001','xtgl',NULL,'2011-04-13 18:09:16',NULL,'127.0.0.1','43A6B409847BBD2617CC354D1771290A');
INSERT INTO `do_log` VALUES ('2c90b0092f4e5807012f4e5807cf0000','xtgl',NULL,'2011-04-13 18:11:22',NULL,'127.0.0.1','C17CA31F459D0537414130D46791AFFD');
INSERT INTO `do_log` VALUES ('2c90b0092f4e5807012f4e590dc50003','fxlr',NULL,'2011-04-13 18:12:29',NULL,'127.0.0.1','5AF089126C52C46F80A1F223202E439C');
INSERT INTO `do_log` VALUES ('2c90b0092f4e6170012f4e6170600000','fxlr',NULL,'2011-04-13 18:21:39',NULL,'127.0.0.1','0F0E7BA2FF44832358CEBF9C252F7DF1');
INSERT INTO `do_log` VALUES ('2c90b0092f4e6170012f4e627d4c0001','xtgl',NULL,'2011-04-13 18:22:48',NULL,'127.0.0.1','A96EFA80FE9D9C7B949A68BFF292155D');
INSERT INTO `do_log` VALUES ('2c90b0092f4e66ed012f4e66ed490000','fxlr',NULL,'2011-04-13 18:27:39','2011-04-13 19:00:47','127.0.0.1','1E1CC37E8E76A76B047963482E01C1B8');
INSERT INTO `do_log` VALUES ('2c90b0092f4e66ed012f4e6b21e20003','xtgl',NULL,'2011-04-13 18:32:14',NULL,'127.0.0.1','A92E5E1F1453EFBB3949A6341D86D292');
INSERT INTO `do_log` VALUES ('2c90b00a2ed5e957012ed5e957d30000','a',NULL,'2011-03-21 08:56:02',NULL,'127.0.0.1','A1099691381B939C275628BD208E051D');
INSERT INTO `do_log` VALUES ('2c90b00a2ed5f395012ed5f395a30000','a',NULL,'2011-03-21 09:07:13',NULL,'127.0.0.1','83EE390FB086EB20CB9FDE5BD3EE7574');
INSERT INTO `do_log` VALUES ('2c90b00a2ed5fbf8012ed5fbf8f20000','a',NULL,'2011-03-21 09:16:23',NULL,'127.0.0.1','D22E5F70D8D5B4EF15AE6915E0C425E1');
INSERT INTO `do_log` VALUES ('2c90b00a2ed60117012ed60117b80000','a',NULL,'2011-03-21 09:21:59',NULL,'127.0.0.1','EBD3FC7291D15F94448A683E42A5C906');
INSERT INTO `do_log` VALUES ('2c90b00a2ed60569012ed60569860000','a',NULL,'2011-03-21 09:26:42',NULL,'127.0.0.1','C5F645A0A2DCA1D107A891FC83F3105E');
INSERT INTO `do_log` VALUES ('2c90b00a2ed6176d012ed6176df70000','a',NULL,'2011-03-21 09:46:23',NULL,'127.0.0.1','929EC9442F7745FD549FA51A8ECD6920');
INSERT INTO `do_log` VALUES ('2c90b00a2ed63caf012ed63cafbe0000','a',NULL,'2011-03-21 10:27:04',NULL,'127.0.0.1','B0B77AABF3A228C947C9DDD9F76F7D41');
INSERT INTO `do_log` VALUES ('2c90b00a2ed65566012ed65566c60000','a',NULL,'2011-03-21 10:54:04',NULL,'127.0.0.1','EB59D8A5EBA43B70F14C5F42FA057927');
INSERT INTO `do_log` VALUES ('2c90b00a2ed6621a012ed6621a9a0000','a',NULL,'2011-03-21 11:07:56',NULL,'127.0.0.1','9BF9F63EDE8E40C74AB520B6959E8BAF');
INSERT INTO `do_log` VALUES ('2c90b00a2ed6705e012ed6705e120000','a',NULL,'2011-03-21 11:23:31','2011-03-21 12:14:44','127.0.0.1','0329708D7EDCA69FDC9BE726B102C5E3');
INSERT INTO `do_log` VALUES ('2c90b00a2ed6f3ec012ed6f3ec590000','a',NULL,'2011-03-21 13:47:13',NULL,'127.0.0.1','09387AACEBCBF1B49A131B275CFB0537');
INSERT INTO `do_log` VALUES ('2c90b00a2ed6f73c012ed6f73c360000','a',NULL,'2011-03-21 13:50:50',NULL,'127.0.0.1','6AC89ED88ED6FD416145DBD6B32671B0');
INSERT INTO `do_log` VALUES ('2c90b00a2ed6fc34012ed6fc347b0000','a',NULL,'2011-03-21 13:56:16','2011-03-21 15:35:56','127.0.0.1','2DA327110034AC306151B54B85B5348C');
INSERT INTO `do_log` VALUES ('2c90b00a2ed6fc34012ed6fc4a6a0001','a',NULL,'2011-03-21 13:56:21','2011-03-21 15:35:56','127.0.0.1','2DA327110034AC306151B54B85B5348C');
INSERT INTO `do_log` VALUES ('2c90b00a2ed6fc34012ed78d0a610014','a',NULL,'2011-03-21 16:34:28','2011-03-21 17:13:48','127.0.0.1','3A603A81E02E2ED1B8CA574AD7F93938');
INSERT INTO `do_log` VALUES ('2c90b00a2ed6fc34012ed7b83c440015','a',NULL,'2011-03-21 17:21:38',NULL,'127.0.0.1','8249C4EA16DE71AC0EB284EC68105C43');
INSERT INTO `do_log` VALUES ('2c90b00a2ed7d71e012ed7d71e9c0000','a',NULL,'2011-03-21 17:55:22',NULL,'127.0.0.1','D69453828C5B018BCFBDB35BFF07EB6F');
INSERT INTO `do_log` VALUES ('2c90b00a2ed7e057012ed7e057660000','a',NULL,'2011-03-21 18:05:27','2011-03-21 18:44:40','127.0.0.1','CA1D3CAC7C61AC365C012235938C3EBD');
INSERT INTO `do_log` VALUES ('2c90b00a2ed7e057012ed7e5e37e0001','a',NULL,'2011-03-21 18:11:30',NULL,'127.0.0.1','CB735C0B756F97C6B0C7F2413434D5D0');
INSERT INTO `do_log` VALUES ('2c90b0182ee04439012ee044396b0000','a',NULL,'2011-03-23 09:11:30','2011-03-23 09:16:06','127.0.0.1','6451DAAC092582C52F5B97673EE79653');
INSERT INTO `do_log` VALUES ('2c90b0182ee04439012ee04550490001','u',NULL,'2011-03-23 09:12:42','2011-03-23 09:16:06','127.0.0.1','6451DAAC092582C52F5B97673EE79653');
INSERT INTO `do_log` VALUES ('2c90b0182ee04439012ee048a6390005','hz',NULL,'2011-03-23 09:16:20','2011-03-23 09:20:45','127.0.0.1','256BE2653FFFA3E8529C0A6259907411');
INSERT INTO `do_log` VALUES ('2c90b0182ee04439012ee04eb57c0008','a',NULL,'2011-03-23 09:22:58','2011-03-23 09:23:19','127.0.0.1','B3A53A0E3E1E2C30A4373258C48F23DB');
INSERT INTO `do_log` VALUES ('2c90b0182ee04439012ee04ee66e0009','ez',NULL,'2011-03-23 09:23:10','2011-03-23 09:23:19','127.0.0.1','B3A53A0E3E1E2C30A4373258C48F23DB');
INSERT INTO `do_log` VALUES ('2c90b0182ee04439012ee04fc10a000a','xw',NULL,'2011-03-23 09:24:06','2011-03-23 09:24:19','127.0.0.1','56A148F116B8181B8678FF0F157885B0');
INSERT INTO `do_log` VALUES ('2c90b0182ee04439012ee050cef8000b','xw',NULL,'2011-03-23 09:25:15','2011-03-23 09:25:20','127.0.0.1','021E75F9E1BE99795B984A7A337F1561');
INSERT INTO `do_log` VALUES ('2c90b0182ee04439012ee051da9b000c','xw',NULL,'2011-03-23 09:26:24','2011-03-23 09:26:27','127.0.0.1','E24DC983FC53E54134FE92D5D1BDED94');
INSERT INTO `do_log` VALUES ('2c90b0182ee04439012ee171ea1c000d','xw',NULL,'2011-03-23 14:41:02',NULL,'127.0.0.1','241F6B5474E3C7D16500D101B11A156B');
INSERT INTO `do_log` VALUES ('2c90b0182ee211eb012ee211ebd60000','xw',NULL,'2011-03-23 17:35:48',NULL,'127.0.0.1','0009CEAF032B0CCD4F874DCCDBDBFCEC');
INSERT INTO `do_log` VALUES ('2c90b0182ee21f40012ee21f404c0000','a',NULL,'2011-03-23 17:50:22','2011-03-23 18:07:32','127.0.0.1','46F3A55CDF1917F48A79AF2D5136FE5E');
INSERT INTO `do_log` VALUES ('2c90b0182ee21f40012ee22092950002','a',NULL,'2011-03-23 17:51:48','2011-03-23 18:51:36','127.0.0.1','86B43DE6AE7EBA1F905704566C1AB55B');
INSERT INTO `do_log` VALUES ('2c90b0182ee21f40012ee220e9100003','xw',NULL,'2011-03-23 17:52:11','2011-03-23 18:51:36','127.0.0.1','86B43DE6AE7EBA1F905704566C1AB55B');
INSERT INTO `do_log` VALUES ('2c90b0182ee21f40012ee22f16630004','xw',NULL,'2011-03-23 18:07:40','2011-03-23 18:37:40','127.0.0.1','992376C0824807FE74547B7C0F05B6A5');
INSERT INTO `do_log` VALUES ('2c90b0182ee21f40012ee23ee8c80005','a',NULL,'2011-03-23 18:24:57','2011-03-23 19:02:21','127.0.0.1','ECB2FD37287DDA91D8D80DF279E18032');
INSERT INTO `do_log` VALUES ('2c90b0182ee21f40012ee24ab5850051','ez',NULL,'2011-03-23 18:37:50','2011-03-23 18:47:06','127.0.0.1','37B89939208ECA83D7E4F2A7B8ABBDF1');
INSERT INTO `do_log` VALUES ('2c90b0182ee21f40012ee2534fcb005c','xw',NULL,'2011-03-23 18:47:14','2011-03-23 18:47:28','127.0.0.1','C934447DDF63AF32DACBC7026CC0ACCC');
INSERT INTO `do_log` VALUES ('2c90b0182ee21f40012ee253cf0c005d','hz',NULL,'2011-03-23 18:47:46','2011-03-23 18:48:05','127.0.0.1','42F225E9A7D3397AA166312163E6F0D8');
INSERT INTO `do_log` VALUES ('2c90b0182ee21f40012ee25437cd0060','xw',NULL,'2011-03-23 18:48:13','2011-03-23 18:57:51','127.0.0.1','E5D45AD0B766A5C68CA3A5CDBFB72A02');
INSERT INTO `do_log` VALUES ('2c90b0182ee21f40012ee25dd4800061','xw',NULL,'2011-03-23 18:58:43','2011-03-23 19:02:21','127.0.0.1','ECB2FD37287DDA91D8D80DF279E18032');
INSERT INTO `do_log` VALUES ('2c90b0272f05d1d0012f05d1d0450000','xw',NULL,'2011-03-30 16:12:07',NULL,'127.0.0.1','F080B406F0CEB6D66E6EAC7A3856D085');
INSERT INTO `do_log` VALUES ('2c90b0272f05d1d0012f05e3edf70001','xw',NULL,'2011-03-30 16:31:54',NULL,'127.0.0.1','94B636B8FDDA70A7F36C543C91826EF4');
INSERT INTO `do_log` VALUES ('2c90b0272f05d1d0012f05e4b7bf0002','xw',NULL,'2011-03-30 16:32:46',NULL,'127.0.0.1','F080B406F0CEB6D66E6EAC7A3856D085');
INSERT INTO `do_log` VALUES ('2c90b0272f05e703012f05e703740000','xw',NULL,'2011-03-30 16:35:16',NULL,'127.0.0.1','D2ABEB18559BA090B5736007EF444A97');
INSERT INTO `do_log` VALUES ('2c90b0272f05e703012f05eb87e30001','a',NULL,'2011-03-30 16:40:12',NULL,'127.0.0.1','0361EC9FB45CCE20529A0E10DFD96B96');
INSERT INTO `do_log` VALUES ('2c90b0272f05fbb0012f05fbb0da0000','xw',NULL,'2011-03-30 16:57:51',NULL,'127.0.0.1','64F922F3278825AC74AF297327211C79');
INSERT INTO `do_log` VALUES ('2c90b0272f05fbb0012f05fd17300002','xw',NULL,'2011-03-30 16:59:23',NULL,'127.0.0.1','1D2534A1E486E7B161E4CB45FE79EFB9');
INSERT INTO `do_log` VALUES ('2c90b0272f061fcc012f061fcc230000','xw',NULL,'2011-03-30 17:37:17','2011-03-30 18:52:47','127.0.0.1','9759CD94AF31710E5779205F8AED7041');
INSERT INTO `do_log` VALUES ('2c90b0272f061fcc012f061febd00001','xw',NULL,'2011-03-30 17:37:25','2011-03-30 18:52:47','127.0.0.1','9759CD94AF31710E5779205F8AED7041');
INSERT INTO `do_log` VALUES ('2c90b0272f061fcc012f0620b20e0002','xw',NULL,'2011-03-30 17:38:16','2011-03-30 17:41:23','127.0.0.1','EBEE3FFCD35790087E1CAF4F760CB9B1');
INSERT INTO `do_log` VALUES ('2c90b0272f061fcc012f0623b8880004','xw',NULL,'2011-03-30 17:41:35','2011-03-30 18:52:50','127.0.0.1','6A25AB7659AFFF7BFC51BE8A414323A4');
INSERT INTO `do_log` VALUES ('2c90b0272f061fcc012f06448d120007','xw',NULL,'2011-03-30 18:17:26','2011-03-30 18:52:47','127.0.0.1','9759CD94AF31710E5779205F8AED7041');
INSERT INTO `do_log` VALUES ('2c90b0272f061fcc012f0648fca20008','xw',NULL,'2011-03-30 18:22:17','2011-03-30 18:53:50','127.0.0.1','6563E352F1232FCF3C3492B5ACE23985');
INSERT INTO `do_log` VALUES ('2c90b0272f061fcc012f064e3a000009','xw',NULL,'2011-03-30 18:28:00',NULL,'127.0.0.1','86F817230E4CBAE9C91D67E21B1A66AA');
INSERT INTO `do_log` VALUES ('2c90b0272f061fcc012f0665115a000f','hz',NULL,'2011-03-30 18:52:57','2011-03-30 18:53:16','127.0.0.1','2EFE56357C6C6B7579FD7D70B4451878');
INSERT INTO `do_log` VALUES ('2c90b0272f061fcc012f066570530010','xw',NULL,'2011-03-30 18:53:21','2011-03-30 18:53:31','127.0.0.1','8A93E8BD95C3939AF067638C32024FFB');
INSERT INTO `do_log` VALUES ('2c90b0272f061fcc012f0665b1440013','hz',NULL,'2011-03-30 18:53:38',NULL,'127.0.0.1','A69999EC4A7F764202B4CA9C57CA8E47');
INSERT INTO `do_log` VALUES ('2c90b0312ee6addb012ee6addb860000','xw',NULL,'2011-03-24 15:04:37','2011-03-24 15:37:38','127.0.0.1','94E7CDAF45ADF4A9BB7878558B6E78E5');
INSERT INTO `do_log` VALUES ('2c90b0312ee6addb012ee6b00c9e0001','xw',NULL,'2011-03-24 15:07:00','2011-03-24 15:37:38','127.0.0.1','94E7CDAF45ADF4A9BB7878558B6E78E5');
INSERT INTO `do_log` VALUES ('2c90b0312ee6addb012ee6b2bef50002','xw',NULL,'2011-03-24 15:09:57','2011-03-24 15:40:39','172.16.49.193','6988E25ADA98652387A32E2F7E1F29F0');
INSERT INTO `do_log` VALUES ('2c90b0312ee6addb012ee6b385b20003','xw',NULL,'2011-03-24 15:10:48','2011-03-24 15:11:26','172.16.49.193','78DF54727890A46412A706076BB376DD');
INSERT INTO `do_log` VALUES ('2c90b0312ee6addb012ee6eb4f030004','a',NULL,'2011-03-24 16:11:44','2011-03-24 17:15:24','127.0.0.1','446DDFB7CC250D4226DCD46F59D33643');
INSERT INTO `do_log` VALUES ('2c90b0312ee6addb012ee6eb85130005','xw',NULL,'2011-03-24 16:11:58','2011-03-24 17:15:24','127.0.0.1','446DDFB7CC250D4226DCD46F59D33643');
INSERT INTO `do_log` VALUES ('2c90b0312ee6addb012ee712bdb20006','a',NULL,'2011-03-24 16:54:48',NULL,'127.0.0.1','5DA2315BA3C04BB556A973FD03415944');
INSERT INTO `do_log` VALUES ('2c90b0312ee6addb012ee731a0b80012','xw',NULL,'2011-03-24 17:28:32',NULL,'127.0.0.1','5DA2315BA3C04BB556A973FD03415944');
INSERT INTO `do_log` VALUES ('2c90b0482f0977b3012f0977b3770000','a',NULL,'2011-03-31 09:12:10','2011-03-31 10:39:39','127.0.0.1','2956C14C40C1764EEA6E4BB58515B45E');
INSERT INTO `do_log` VALUES ('2c90b0482f0977b3012f0977ef960001','xw',NULL,'2011-03-31 09:12:25','2011-03-31 10:39:39','127.0.0.1','2956C14C40C1764EEA6E4BB58515B45E');
INSERT INTO `do_log` VALUES ('2c90b0482f0977b3012f09785f280002','a',NULL,'2011-03-31 09:12:54','2011-03-31 11:53:28','127.0.0.1','E0EF8644575B9411C9B68CA145EE74B6');
INSERT INTO `do_log` VALUES ('2c90b0482f0977b3012f09e86189007f','xw',NULL,'2011-03-31 11:15:14','2011-03-31 11:53:28','127.0.0.1','E0EF8644575B9411C9B68CA145EE74B6');
INSERT INTO `do_log` VALUES ('2c90b0482f0977b3012f0a30090a0095','a',NULL,'2011-03-31 12:33:30',NULL,'127.0.0.1','B0F517B5F06D3D41A212F8CBF1134690');
INSERT INTO `do_log` VALUES ('2c90b06d2edcc103012edcc103880000','a',NULL,'2011-03-22 16:49:20',NULL,'127.0.0.1','4E08C7BE19FD9594EFC56823E67437F7');
INSERT INTO `do_log` VALUES ('2c90b06d2edcc2db012edcc2dbb60000','a',NULL,'2011-03-22 16:51:21','2011-03-22 16:55:13','127.0.0.1','CE4E1554333E5519D0C87F9E1CBF5F00');
INSERT INTO `do_log` VALUES ('2c90b06d2edcc91d012edcc91dff0000','a',NULL,'2011-03-22 16:58:11','2011-03-22 17:45:49','127.0.0.1','F25924F0A8295490194143FF7B7ECA7A');
INSERT INTO `do_log` VALUES ('2c90b06d2edcc91d012edcce82670005','xw',NULL,'2011-03-22 17:04:04','2011-03-22 17:45:49','127.0.0.1','F25924F0A8295490194143FF7B7ECA7A');
INSERT INTO `do_log` VALUES ('2c90b06d2edcc91d012edcef061a003a','xw',NULL,'2011-03-22 17:39:35','2011-03-22 17:45:49','127.0.0.1','F25924F0A8295490194143FF7B7ECA7A');
INSERT INTO `do_log` VALUES ('2c90b06d2edcc91d012edcf362050040','u',NULL,'2011-03-22 17:44:21','2011-03-22 17:45:49','127.0.0.1','F25924F0A8295490194143FF7B7ECA7A');
INSERT INTO `do_log` VALUES ('2c90b06d2edcc91d012edcf4f2d70043','a',NULL,'2011-03-22 17:46:03',NULL,'127.0.0.1','63F19ABB9FDA601886EC325D016FA208');
INSERT INTO `do_log` VALUES ('2c90b06d2edcc91d012edcf5278f0044','xw',NULL,'2011-03-22 17:46:17',NULL,'127.0.0.1','63F19ABB9FDA601886EC325D016FA208');
INSERT INTO `do_log` VALUES ('2c90b06d2edd27c0012edd27c0420000','a',NULL,'2011-03-22 18:41:33','2011-03-22 19:00:19','127.0.0.1','EB1E77C59A6749759195B0C03D9C174B');
INSERT INTO `do_log` VALUES ('2c90b06d2edd27c0012edd2801db0001','xw',NULL,'2011-03-22 18:41:50','2011-03-22 19:00:19','127.0.0.1','EB1E77C59A6749759195B0C03D9C174B');
INSERT INTO `do_log` VALUES ('2c90b0b92f5391da012f5391dad70000','fxlr',NULL,'2011-04-14 18:32:38',NULL,'127.0.0.1','DDE4D23D6B6C47A51ECA9E1FFE0E2961');
INSERT INTO `do_log` VALUES ('2c90b0b92f5391da012f539a3c780012','xtgl',NULL,'2011-04-14 18:41:47',NULL,'127.0.0.1','BB81610B3F8B432511329236B4BCD811');
INSERT INTO `do_log` VALUES ('2c90b0b92f5391da012f539fbcbc0015','xtgl',NULL,'2011-04-14 18:47:48',NULL,'127.0.0.1','6D7F71B06381D0D9CAEC9FE96AB70138');
INSERT INTO `do_log` VALUES ('2c90b0b92f5391da012f539fce500016','xtgl',NULL,'2011-04-14 18:47:52',NULL,'127.0.0.1','6D7F71B06381D0D9CAEC9FE96AB70138');
INSERT INTO `do_log` VALUES ('2c90b0b92f57d339012f57d339420000','a',NULL,'2011-04-15 14:22:31',NULL,'127.0.0.1','0C23E7F0B9DD081FE71439A66151CF7B');
INSERT INTO `do_log` VALUES ('2c90b0b92f57d339012f57d3edbd0001','fxlr',NULL,'2011-04-15 14:23:17',NULL,'127.0.0.1','0C23E7F0B9DD081FE71439A66151CF7B');
INSERT INTO `do_log` VALUES ('2c90b0b92f57f050012f57f050f30000','fxlr',NULL,'2011-04-15 14:54:17',NULL,'127.0.0.1','3F144A9DF266335BD94F8DDD08E5A164');
INSERT INTO `do_log` VALUES ('2c90b0b92f5819cb012f5819cbaa0000','fxlr',NULL,'2011-04-15 15:39:36',NULL,'127.0.0.1','E4E37FD638B544C4592A4CE92C348A8A');
INSERT INTO `do_log` VALUES ('2c90b0b92f581c1e012f581c1e450000','fxlr',NULL,'2011-04-15 15:42:08',NULL,'127.0.0.1','D37A5A0E94359D910BFB9E874640ED4A');
INSERT INTO `do_log` VALUES ('2c90b0b92f58312d012f58312d420000','a',NULL,'2011-04-15 16:05:08',NULL,'127.0.0.1','389F3D71C7DE61367C74E7489BB51A9E');
INSERT INTO `do_log` VALUES ('2c90b0b92f58312d012f583187c60001','fxlr',NULL,'2011-04-15 16:05:31',NULL,'127.0.0.1','389F3D71C7DE61367C74E7489BB51A9E');
INSERT INTO `do_log` VALUES ('2c90b0b92f5841f9012f5841f9100000','fxlr',NULL,'2011-04-15 16:23:29',NULL,'127.0.0.1','42E88C1243AF745DE1B7607F281818CD');
INSERT INTO `do_log` VALUES ('2c90b0b92f5859ae012f5859ae660000','fxlr',NULL,'2011-04-15 16:49:23',NULL,'127.0.0.1','DD60B24499818C932E0F9932B649A179');
INSERT INTO `do_log` VALUES ('2c90b0b92f5859ae012f586a9d5c0001','fxlr',NULL,'2011-04-15 17:07:52',NULL,'127.0.0.1','B0519F5FDB01F0BEDD9423CE97D432A1');
INSERT INTO `do_log` VALUES ('2c90b0b92f5884c3012f5884c3c20000','fxlr',NULL,'2011-04-15 17:36:26',NULL,'127.0.0.1','61858C3C4ABE2A4213A59ADADFDD2EA3');
INSERT INTO `do_log` VALUES ('2c90b0b92f5885bc012f5885bcf70000','fxlr',NULL,'2011-04-15 17:37:30',NULL,'127.0.0.1','35B35F6020D4D4A360111DFEAD9712CC');
INSERT INTO `do_log` VALUES ('2c90b0b92f58899d012f58899de20000','fxlr',NULL,'2011-04-15 17:41:44',NULL,'127.0.0.1','A918BED65740BB0AD4ABAC7171B25E60');
INSERT INTO `do_log` VALUES ('2c90b0b92f588d27012f588d27570000','fxlr',NULL,'2011-04-15 17:45:36',NULL,'127.0.0.1','904E103C67C8AC95BA6D83EEAD65B41F');
INSERT INTO `do_log` VALUES ('2c90b0b92f58908e012f58908e500000','fxlr',NULL,'2011-04-15 17:49:19',NULL,'127.0.0.1','9CCE031CF10942A58D87E4D59C648C37');
INSERT INTO `do_log` VALUES ('2c90b0b92f58908e012f5890a0130001','fxlr',NULL,'2011-04-15 17:49:23',NULL,'127.0.0.1','9CCE031CF10942A58D87E4D59C648C37');
INSERT INTO `do_log` VALUES ('2c90b0b92f58917f012f58917f480000','fxlr',NULL,'2011-04-15 17:50:21',NULL,'127.0.0.1','5A898358CD7D012E113132FCB11979C6');
INSERT INTO `do_log` VALUES ('2c90b0b92f5897a5012f5897a5ed0000','fxlr',NULL,'2011-04-15 17:57:04',NULL,'127.0.0.1','231F39376FCA268F8B65614952428BAE');
INSERT INTO `do_log` VALUES ('2c90b0b92f589c14012f589c14630000','fxlr',NULL,'2011-04-15 18:01:54',NULL,'127.0.0.1','510AD979E0CA0B924A74B82FC6C290AF');
INSERT INTO `do_log` VALUES ('2c90b0b92f58a953012f58a953120000','a',NULL,'2011-04-15 18:16:22',NULL,'127.0.0.1','B31919CA6E8000E143008C47D1F5E45A');
INSERT INTO `do_log` VALUES ('2c90b0b92f58a953012f58a98dca0001','fxlr',NULL,'2011-04-15 18:16:37',NULL,'127.0.0.1','B31919CA6E8000E143008C47D1F5E45A');
INSERT INTO `do_log` VALUES ('2c90b0b92f58a953012f58abcd980028','xtgl',NULL,'2011-04-15 18:19:04','2011-04-15 18:50:21','127.0.0.1','945494749BBB58A27B49C534745D0D95');
INSERT INTO `do_log` VALUES ('2c90b0b92f58a953012f58abf2d30029','xtgl',NULL,'2011-04-15 18:19:14','2011-04-15 18:50:21','127.0.0.1','945494749BBB58A27B49C534745D0D95');
INSERT INTO `do_log` VALUES ('2c90b0c12f5bd0f6012f5bd0f6a00000','a',NULL,'2011-04-16 08:58:32','2011-04-16 10:15:25','127.0.0.1','10820CD7112A529740FC4AAF404B8016');
INSERT INTO `do_log` VALUES ('2c90b0c12f5bd0f6012f5bd551300003','fxlr',NULL,'2011-04-16 09:03:17','2011-04-16 10:15:25','127.0.0.1','10820CD7112A529740FC4AAF404B8016');
INSERT INTO `do_log` VALUES ('2c90b0c12f5bd0f6012f5be9c65f0009','xtgl',NULL,'2011-04-16 09:25:38',NULL,'127.0.0.1','01B3FC0831016E1FD031887E38FD8131');
INSERT INTO `do_log` VALUES ('2c90b0c12f5bd0f6012f5c0ff74a0050','zcfz',NULL,'2011-04-16 10:07:20',NULL,'127.0.0.1','7B8D96FC8C8F5D546A5E563D8AE07F13');
INSERT INTO `do_log` VALUES ('2c90b0c12f5c1951012f5c1951840000','fxlr',NULL,'2011-04-16 10:17:33','2011-04-16 11:28:08','127.0.0.1','4B4B45B94FC2221D3FC1D2BDF37C9CF3');
INSERT INTO `do_log` VALUES ('2c90b0c12f5c1951012f5c3eb6450098','xtgl',NULL,'2011-04-16 10:58:24','2011-04-16 12:06:41','127.0.0.1','6D4C46B9A547B22417987B77AA14B129');
INSERT INTO `do_log` VALUES ('2c90b0c12f5c1951012f5c5a070100bf','u',NULL,'2011-04-16 11:28:14','2011-04-16 11:28:20','127.0.0.1','3E4ED0E3951165208333A8674A022D4B');
INSERT INTO `do_log` VALUES ('2c90b0c12f5c1951012f5c5a478500c0','fxlr',NULL,'2011-04-16 11:28:31','2011-04-16 11:30:17','127.0.0.1','340954E175053F1E71FD375D7F1435F8');
INSERT INTO `do_log` VALUES ('2c90b0c12f5c1951012f5c5c0a7200c8','fxlr',NULL,'2011-04-16 11:30:26','2011-04-16 12:07:42','127.0.0.1','45E61853A3E1C6A31611EEA076373089');
INSERT INTO `do_log` VALUES ('2c90b0c12f5c1951012f5c5dd72400e1','zcfz',NULL,'2011-04-16 11:32:24','2011-04-16 12:06:41','127.0.0.1','A679A25F1FB9D715218B4E18A4E9A489');
INSERT INTO `do_log` VALUES ('2c90b0c12f5c1951012f5c83ceaf00fe','fxlr',NULL,'2011-04-16 12:13:52','2011-04-16 13:26:00','127.0.0.1','54539AF0CE961D3F050D4B87C75D5894');
INSERT INTO `do_log` VALUES ('2c90b0c12f5c1951012f5c9679cc0101','xtgl',NULL,'2011-04-16 12:34:16',NULL,'127.0.0.1','D178465723F971CC1986B2C93B90F895');
INSERT INTO `do_log` VALUES ('2c90b0c12f5c1951012f5ca70e2f0121','zcfz',NULL,'2011-04-16 12:52:22',NULL,'127.0.0.1','042D89F812802DE660436D686EF17CE3');
INSERT INTO `do_log` VALUES ('2c90b0c12f5ceac9012f5ceac9d80000','fxlr',NULL,'2011-04-16 14:06:21',NULL,'127.0.0.1','EB8150B9100454FCFA07C3233DFE45E4');
INSERT INTO `do_log` VALUES ('2c90b0c12f5ceac9012f5cf261ef0009','fxlr',NULL,'2011-04-16 14:14:39',NULL,'127.0.0.1','251E19546649F8E6CA2409476246B33E');
INSERT INTO `do_log` VALUES ('2c90b0c12f5d026b012f5d026b870000','fxlr',NULL,'2011-04-16 14:32:10',NULL,'127.0.0.1','7A43692A3F5390AB2273B2E97E285EC2');
INSERT INTO `do_log` VALUES ('2c90b0c12f5d026b012f5d028cbb0001','fxlr',NULL,'2011-04-16 14:32:18',NULL,'127.0.0.1','7A43692A3F5390AB2273B2E97E285EC2');
INSERT INTO `do_log` VALUES ('2c90b0c12f5d0b31012f5d0b31220000','fxlr',NULL,'2011-04-16 14:41:45',NULL,'127.0.0.1','2AA8AFC05516D2BBDEC26F8BD8412B50');
INSERT INTO `do_log` VALUES ('2c90b0c12f5d0b31012f5d0e063b0001','xtgl',NULL,'2011-04-16 14:44:50',NULL,'127.0.0.1','B1F075CBF3AE5E0F49B31614A1CC734E');
INSERT INTO `do_log` VALUES ('2c90b0c12f5d169a012f5d169a750000','fxlr',NULL,'2011-04-16 14:54:13',NULL,'127.0.0.1','FD7F03EBF50FE122D7D07E221B247412');
INSERT INTO `do_log` VALUES ('2c90b0c12f5d169a012f5d17a27f0001','fxlr',NULL,'2011-04-16 14:55:20',NULL,'127.0.0.1','A63D51D40E5FBDC81FA559DEA0329B25');
INSERT INTO `do_log` VALUES ('2c90b0c12f5d169a012f5d17b4fd0002','fxlr',NULL,'2011-04-16 14:55:25',NULL,'127.0.0.1','A63D51D40E5FBDC81FA559DEA0329B25');
INSERT INTO `do_log` VALUES ('2c90b0c12f5d24e6012f5d24e6fb0000','fxlr',NULL,'2011-04-16 15:09:50','2011-04-16 16:38:25','127.0.0.1','1FC3B259D6BA3D7F54383A055655981A');
INSERT INTO `do_log` VALUES ('2c90b0c12f5d24e6012f5d25fdd90001','fxlr',NULL,'2011-04-16 15:11:01','2011-04-16 15:46:53','127.0.0.1','5E7FA5C332DACA291B99C845413B003F');
INSERT INTO `do_log` VALUES ('2c90b0c12f5d24e6012f5d80cf2d0006','fxlr',NULL,'2011-04-16 16:50:13',NULL,'127.0.0.1','076DEF049391C0B4382F3ABC4857A8B1');
INSERT INTO `do_log` VALUES ('2c90b0c12f5d24e6012f5d969bfd0007','fxlr',NULL,'2011-04-16 17:14:02',NULL,'127.0.0.1','5BCBEB6EE8A371C15D350E4F29CFE082');
INSERT INTO `do_log` VALUES ('2c90b0c12f5d9e9d012f5d9e9d6d0000','fxlr',NULL,'2011-04-16 17:22:46',NULL,'127.0.0.1','C5400E80DDB7182A83E81353254BCF0C');
INSERT INTO `do_log` VALUES ('2c90b0c12f5d9e9d012f5da18f360001','fxlr',NULL,'2011-04-16 17:25:59',NULL,'127.0.0.1','E0246B90FD1DA93FC3AD9F8A00224903');
INSERT INTO `do_log` VALUES ('2c90b0c12f5da69f012f5da69f2c0000','fxlr',NULL,'2011-04-16 17:31:31',NULL,'127.0.0.1','3AE9F571974E55F7F0BEBD8FFF40E3ED');
INSERT INTO `do_log` VALUES ('2c90b0c12f5da69f012f5da8716b0001','fxlr',NULL,'2011-04-16 17:33:30',NULL,'127.0.0.1','590F7A6DA55192C4FD7B2CDF24B9E58E');
INSERT INTO `do_log` VALUES ('2c90b0c12f5daac0012f5daac00e0000','fxlr',NULL,'2011-04-16 17:36:02',NULL,'127.0.0.1','E187BA4B8C5EF8AE5EF3FC4ACA473372');
INSERT INTO `do_log` VALUES ('2c90b0c12f5daac0012f5dac0fcf0004','fxlr',NULL,'2011-04-16 17:37:28',NULL,'127.0.0.1','D4DFA2FA1CD981E9E8DD0D0F8E66DB84');
INSERT INTO `do_log` VALUES ('2c90b0c12f5dbe80012f5dbe80540000','fxlr',NULL,'2011-04-16 17:57:36',NULL,'127.0.0.1','214C694B1B0C1D185E193295FA77E53C');
INSERT INTO `do_log` VALUES ('2c90b0c12f5dc567012f5dc5679a0000','fxlr',NULL,'2011-04-16 18:05:08','2011-04-16 18:07:17','127.0.0.1','73DE8BE1F180B6984FAB0568FB0F66B4');
INSERT INTO `do_log` VALUES ('2c90b0c52f7071b8012f7071b8b60000','fxlr',NULL,'2011-04-20 09:06:31',NULL,'127.0.0.1','7BFAE4EAA64ED54121A81EB9AC6272D3');
INSERT INTO `do_log` VALUES ('2c90b0c52f70ab2b012f70ab2bce0000','fxlr',NULL,'2011-04-20 10:09:16',NULL,'127.0.0.1','9EEFFFCE9A75A8690E6971042C2088FF');
INSERT INTO `do_log` VALUES ('2c90b0c52f70ab2b012f70ac76100001','xtgl',NULL,'2011-04-20 10:10:41',NULL,'127.0.0.1','177A8F5F8B92213E75F6E70B7BFACB38');
INSERT INTO `do_log` VALUES ('2c90b0c52f70ba6b012f70ba6bcb0000','fxlr',NULL,'2011-04-20 10:25:56',NULL,'127.0.0.1','945F1EFAA87FA7B3C437234562C64128');
INSERT INTO `do_log` VALUES ('2c90b0c52f70ba6b012f70cb62340001','xtgl',NULL,'2011-04-20 10:44:27',NULL,'127.0.0.1','F777DD71A9D47631A75AA44091E3EB13');
INSERT INTO `do_log` VALUES ('2c90b0c52f70d10e012f70d10e1b0000','fxlr',NULL,'2011-04-20 10:50:39',NULL,'127.0.0.1','6E314958FBFD90B3527647F25B35E7D5');
INSERT INTO `do_log` VALUES ('2c90b0c52f70d10e012f70d16eba0001','xtgl',NULL,'2011-04-20 10:51:04',NULL,'127.0.0.1','6E314958FBFD90B3527647F25B35E7D5');
INSERT INTO `do_log` VALUES ('2c90b0c52f70d10e012f70d5dcd20002','a',NULL,'2011-04-20 10:55:54',NULL,'127.0.0.1','8F09E0A5E330AA2397E02FB63D7F1FED');
INSERT INTO `do_log` VALUES ('2c90b0c52f70d10e012f70d60d190003','fxlr',NULL,'2011-04-20 10:56:06',NULL,'127.0.0.1','8F09E0A5E330AA2397E02FB63D7F1FED');
INSERT INTO `do_log` VALUES ('2c90b0c52f71813f012f71813f550000','fxlr',NULL,'2011-04-20 14:03:06',NULL,'127.0.0.1','59D23F8C1CCF3313D8998E1A4E59837A');
INSERT INTO `do_log` VALUES ('2c90b0c52f71813f012f7189230c000a','zcfz',NULL,'2011-04-20 14:11:43','2011-04-20 14:44:04','127.0.0.1','07E255C406E691D177AC7F3BE275ED10');
INSERT INTO `do_log` VALUES ('2c90b0c52f71813f012f718a2cbb000b','zcfz',NULL,'2011-04-20 14:12:51','2011-04-20 14:44:04','127.0.0.1','07E255C406E691D177AC7F3BE275ED10');
INSERT INTO `do_log` VALUES ('2c90b0c52f71813f012f719118e3001c','xtgl',NULL,'2011-04-20 14:20:25',NULL,'127.0.0.1','72B6A578985E3637CE7EBEB701C097B0');
INSERT INTO `do_log` VALUES ('2c90b0c52f71813f012f71aab837002b','xtgl',NULL,'2011-04-20 14:48:24',NULL,'127.0.0.1','59D23F8C1CCF3313D8998E1A4E59837A');
INSERT INTO `do_log` VALUES ('2c90b0c52f71c292012f71c2925a0000','fxlr',NULL,'2011-04-20 15:14:27','2011-04-20 15:56:05','127.0.0.1','FFDB8F5B8A1947833575E7C6C0D25266');
INSERT INTO `do_log` VALUES ('2c90b0c52f71c292012f71c53e7f000d','xtgl',NULL,'2011-04-20 15:17:22','2011-04-20 15:47:40','127.0.0.1','837C5F20B9095B98DA93D55AAFEDD99F');
INSERT INTO `do_log` VALUES ('2c90b0c52f71c292012f71ccedc8000e','fxlr',NULL,'2011-04-20 15:25:46','2011-04-20 15:47:40','127.0.0.1','837C5F20B9095B98DA93D55AAFEDD99F');
INSERT INTO `do_log` VALUES ('2c90b0c52f71c292012f71e12c08000f','fxlr',NULL,'2011-04-20 15:47:52',NULL,'127.0.0.1','B2EC66328DD64CA4FA387508841378DA');
INSERT INTO `do_log` VALUES ('2c90b0c52f71fbe0012f71fbe0370000','fxlr',NULL,'2011-04-20 16:17:03','2011-04-20 16:27:29','127.0.0.1','42A55E72EB4B74D2316E705EED5DAA67');
INSERT INTO `do_log` VALUES ('2c90b0c52f71fbe0012f7205893d0001','a',NULL,'2011-04-20 16:27:36',NULL,'127.0.0.1','45382157EB1FEE97F8D03013B5A1FDAF');
INSERT INTO `do_log` VALUES ('2c90b0c52f71fbe0012f7205cae90002','fxlr',NULL,'2011-04-20 16:27:52',NULL,'127.0.0.1','45382157EB1FEE97F8D03013B5A1FDAF');
INSERT INTO `do_log` VALUES ('2c90b0c52f71fbe0012f721cbcd00003','fxlr',NULL,'2011-04-20 16:52:56','2011-04-20 17:41:43','127.0.0.1','97CFB6A4809B6ADBACF8B904A0141095');
INSERT INTO `do_log` VALUES ('2c90b0c52f71fbe0012f724ee5440011','fxlr',NULL,'2011-04-20 17:47:43',NULL,'127.0.0.1','FC71A80E779A1EEFAE122BD12F010304');
INSERT INTO `do_log` VALUES ('2c90b0ce2f044593012f044593030000','a',NULL,'2011-03-30 08:59:19',NULL,'127.0.0.1','0B6C449978E716A38CD639F4F718C9B4');
INSERT INTO `do_log` VALUES ('2c90b0ce2f044593012f0484f64f0002','xw',NULL,'2011-03-30 10:08:33',NULL,'127.0.0.1','0B6C449978E716A38CD639F4F718C9B4');
INSERT INTO `do_log` VALUES ('2c90b0ce2f048943012f048943b00000','xw',NULL,'2011-03-30 10:13:15',NULL,'127.0.0.1','1A3C3CFF22FBCB90E7C115AD14A353F2');
INSERT INTO `do_log` VALUES ('2c90b0ce2f048943012f048a14db0001','a',NULL,'2011-03-30 10:14:08',NULL,'127.0.0.1','90809C9DAEDBA3672E0D06DFCD6A088E');
INSERT INTO `do_log` VALUES ('2c90b0ce2f048943012f048ae3470002','xw',NULL,'2011-03-30 10:15:01',NULL,'127.0.0.1','90809C9DAEDBA3672E0D06DFCD6A088E');
INSERT INTO `do_log` VALUES ('2c90b0ce2f049a47012f049a47950000','xw',NULL,'2011-03-30 10:31:50',NULL,'127.0.0.1','284F8777D8B91619D2866F6E9F7E1467');
INSERT INTO `do_log` VALUES ('2c90b0ce2f049a47012f049a5e4a0001','xw',NULL,'2011-03-30 10:31:56',NULL,'127.0.0.1','284F8777D8B91619D2866F6E9F7E1467');
INSERT INTO `do_log` VALUES ('2c90b0ce2f049ca1012f049ca1d10000','xw',NULL,'2011-03-30 10:34:24',NULL,'127.0.0.1','A41E2A7C4D9817687EFFC8B46F58613C');
INSERT INTO `do_log` VALUES ('2c90b0ce2f04ad9e012f04ad9e730000','xw',NULL,'2011-03-30 10:52:57',NULL,'127.0.0.1','0ADEBF511BC6D83B81BA34595B1D80EF');
INSERT INTO `do_log` VALUES ('2c90b0ce2f04ad9e012f04ae58da0001','xw',NULL,'2011-03-30 10:53:45',NULL,'127.0.0.1','2055D6A79B5D37D7C9D712B284A05DA7');
INSERT INTO `do_log` VALUES ('2c90b0ce2f04b238012f04b238100000','xw',NULL,'2011-03-30 10:57:59',NULL,'127.0.0.1','B0C38A9CC90F2781486A4D25AD580DD2');
INSERT INTO `do_log` VALUES ('2c90b0ce2f04b2ea012f04b2ea590000','xw',NULL,'2011-03-30 10:58:45',NULL,'127.0.0.1','A1C6A73E13E5B569F03C0A1996574D82');
INSERT INTO `do_log` VALUES ('2c90b0ce2f04bad3012f04bad3ec0000','xw',NULL,'2011-03-30 11:07:23',NULL,'127.0.0.1','460AB3B300F61567508C5C7694A66199');
INSERT INTO `do_log` VALUES ('2c90b0ce2f04bad3012f04bb781b0001','xw',NULL,'2011-03-30 11:08:05','2011-03-30 11:08:13','127.0.0.1','8C4C6D019E4C4251B58A7E6B8D96E9BB');
INSERT INTO `do_log` VALUES ('2c90b0ce2f04bad3012f04bbf8760002','xw',NULL,'2011-03-30 11:08:38',NULL,'127.0.0.1','C6774A46402E094ED9A3B0A10C0A87DD');
INSERT INTO `do_log` VALUES ('2c90b0ce2f04c39a012f04c39a420000','a',NULL,'2011-03-30 11:16:58',NULL,'127.0.0.1','58D188A55E1AC80E1149DF3D1AD24DB2');
INSERT INTO `do_log` VALUES ('2c90b0ce2f04c39a012f04c6f62f0002','xw',NULL,'2011-03-30 11:20:38',NULL,'127.0.0.1','58D188A55E1AC80E1149DF3D1AD24DB2');
INSERT INTO `do_log` VALUES ('2c90b0ce2f04da81012f04da816b0000','a',NULL,'2011-03-30 11:41:59','2011-03-30 12:44:14','127.0.0.1','E2EC42B64B553753FF3DC8E9BE9CE126');
INSERT INTO `do_log` VALUES ('2c90b0ce2f04da81012f04dcaab30001','xw',NULL,'2011-03-30 11:44:21','2011-03-30 12:44:14','127.0.0.1','E2EC42B64B553753FF3DC8E9BE9CE126');
INSERT INTO `do_log` VALUES ('2c90b0ce2f04da81012f052cba000002','xw',NULL,'2011-03-30 13:11:47',NULL,'127.0.0.1','EBF6DF2549A386C0152DCC57F546C855');
INSERT INTO `do_log` VALUES ('2c90b0ce2f04da81012f052fc4ef0003','a',NULL,'2011-03-30 13:15:07',NULL,'127.0.0.1','971116D18A5E039BBAE7E3B328BBD3C7');
INSERT INTO `do_log` VALUES ('2c90b0ce2f053ccc012f053ccc620000','xw',NULL,'2011-03-30 13:29:21',NULL,'127.0.0.1','A4562F3572B39BBECDE938505622D3FC');
INSERT INTO `do_log` VALUES ('2c90b0ce2f053f32012f053f32840000','xw',NULL,'2011-03-30 13:31:58',NULL,'127.0.0.1','A978C4C883FC8F16AB19AAD2AAE7CC23');
INSERT INTO `do_log` VALUES ('2c90b0ce2f053f32012f055a47610001','xw',NULL,'2011-03-30 14:01:33',NULL,'127.0.0.1','881AC93FD97B06585702CEB8E2DC871C');
INSERT INTO `do_log` VALUES ('2c90b0d52f05c5e2012f05c5e2dd0000','xw',NULL,'2011-03-30 15:59:05',NULL,'127.0.0.1','61832F7246B70B33693926852B4632F2');
INSERT INTO `do_log` VALUES ('2c90b0d52f05c5e2012f05ca835f0001','xw',NULL,'2011-03-30 16:04:08',NULL,'127.0.0.1','94541570834C5934ADC8453AF8B6DC52');
INSERT INTO `do_log` VALUES ('2c90b0dd2f4739df012f4739df560000','fxlr',NULL,'2011-04-12 09:01:05',NULL,'127.0.0.1','C9CD7570A152724860B47AFBF4886C08');
INSERT INTO `do_log` VALUES ('2c90b0dd2f473dd8012f473dd87c0000','fxlr',NULL,'2011-04-12 09:05:26','2011-04-12 09:41:04','127.0.0.1','B2B050D13F6E3D0236B1D234139F195B');
INSERT INTO `do_log` VALUES ('2c90b0dd2f473dd8012f47401be40001','a',NULL,'2011-04-12 09:07:54','2011-04-12 09:41:04','127.0.0.1','5A891C103E31DB158B4C928EF68881CB');
INSERT INTO `do_log` VALUES ('2c90b0dd2f473dd8012f47439ee10002','fxlr',NULL,'2011-04-12 09:11:44','2011-04-12 09:52:11','127.0.0.1','C6E24879159442CCF09020E1FCEC2475');
INSERT INTO `do_log` VALUES ('2c90b0dd2f473dd8012f474bd9d00003','fxlr',NULL,'2011-04-12 09:20:44','2011-04-12 09:53:11','127.0.0.1','8C28F41CC3E5E9B1906C80B546E3A1E1');
INSERT INTO `do_log` VALUES ('2c90b0dd2f473dd8012f474e3a940004','fxlr',NULL,'2011-04-12 09:23:19','2011-04-12 10:01:16','127.0.0.1','9C5FE1451A2265FB52EFC0E9A5BDFA67');
INSERT INTO `do_log` VALUES ('2c90b0dd2f477f0c012f477f0cde0000','fxlr',NULL,'2011-04-12 10:16:39',NULL,'127.0.0.1','829FF88D40D2C75DBF83B5EAF3889E9B');
INSERT INTO `do_log` VALUES ('2c90b0dd2f47f5f9012f47f5f9150000','a',NULL,'2011-04-12 12:26:33',NULL,'127.0.0.1','6DCC8248D9F1A6DAAAAF8DA31CFABA88');
INSERT INTO `do_log` VALUES ('2c90b0dd2f484138012f484138250000','fxlr',NULL,'2011-04-12 13:48:44',NULL,'127.0.0.1','2F97462870F29A30888517FBE5221EF0');
INSERT INTO `do_log` VALUES ('2c90b0dd2f484138012f48493f810001','a',NULL,'2011-04-12 13:57:30',NULL,'127.0.0.1','A1CB4172A5ED53A857AAEDD3F874655E');
INSERT INTO `do_log` VALUES ('2c90b0dd2f484138012f4852d7310002','fxlr',NULL,'2011-04-12 14:07:59',NULL,'127.0.0.1','2F97462870F29A30888517FBE5221EF0');
INSERT INTO `do_log` VALUES ('2c90b0dd2f486019012f486019e80000','fxlr',NULL,'2011-04-12 14:22:28',NULL,'127.0.0.1','FF45A0CEDF4420369B1A51995C3101C0');
INSERT INTO `do_log` VALUES ('2c90b0e02f237a6f012f237a6f060000','a',NULL,'2011-04-05 10:25:17',NULL,'127.0.0.1','E57A4036A1AB5705B82D1F3E3D2F828B');
INSERT INTO `do_log` VALUES ('2c90b0e02f237a6f012f237ab13f0001','xtgl',NULL,'2011-04-05 10:25:34',NULL,'127.0.0.1','E57A4036A1AB5705B82D1F3E3D2F828B');
INSERT INTO `do_log` VALUES ('2c90b0e02f237de1012f237de13a0000','xtgl',NULL,'2011-04-05 10:29:02',NULL,'127.0.0.1','F1FA67AFD6E3E64734CE5D0D5A16EFFC');
INSERT INTO `do_log` VALUES ('2c90b0e02f239014012f239014e50000','xtgl',NULL,'2011-04-05 10:48:55',NULL,'127.0.0.1','00477600395BCFF8D8878AB0B652BD7A');
INSERT INTO `do_log` VALUES ('2c90b0e02f23962d012f23962dcf0000','xtgl',NULL,'2011-04-05 10:55:35',NULL,'127.0.0.1','AD0A481330361D80D76671B29BD4FEC6');
INSERT INTO `do_log` VALUES ('2c90b0e02f23988d012f23988db80000','xtgl',NULL,'2011-04-05 10:58:11',NULL,'127.0.0.1','69BE42BA712B07998DDDA6071564745E');
INSERT INTO `do_log` VALUES ('2c90b0e02f239cf6012f239cf6800000','xtgl',NULL,'2011-04-05 11:03:00',NULL,'127.0.0.1','8EB33987B6D653DD624B4CCD8DFEC5E2');
INSERT INTO `do_log` VALUES ('2c90b0e02f23b4ca012f23b4ca1c0000','xtgl',NULL,'2011-04-05 11:29:01',NULL,'127.0.0.1','58BD170F3A6702E14C9D73124378B364');
INSERT INTO `do_log` VALUES ('2c90b0e02f246a88012f246a887a0000','xtgl',NULL,'2011-04-05 14:47:32',NULL,'127.0.0.1','A5C16F31924F2AB103D24DD0CFD1C275');
INSERT INTO `do_log` VALUES ('2c90b0e02f247123012f247123b30000','xtgl',NULL,'2011-04-05 14:54:45',NULL,'127.0.0.1','8BA9D8676CB3FCED8594A81714EED531');
INSERT INTO `do_log` VALUES ('2c90b0e02f247777012f247777160000','xtgl',NULL,'2011-04-05 15:01:39',NULL,'127.0.0.1','65401859C1ABC6B015BC02B31F1B68B5');
INSERT INTO `do_log` VALUES ('2c90b0e02f247cf6012f247cf6bd0000','xtgl',NULL,'2011-04-05 15:07:40','2011-04-05 15:55:15','127.0.0.1','B058AC954FA012B9D669AA401A030DA1');
INSERT INTO `do_log` VALUES ('2c90b0e02f247cf6012f24a8ab080007','fxlr',NULL,'2011-04-05 15:55:24','2011-04-05 16:31:10','127.0.0.1','3F9437FFFB9872F6B4ECB1E65B5AB752');
INSERT INTO `do_log` VALUES ('2c90b0e02f24cb90012f24cb90b00000','fxlr',NULL,'2011-04-05 16:33:31','2011-04-05 17:51:05','127.0.0.1','865CA9F90F132A300CC7046591ADD692');
INSERT INTO `do_log` VALUES ('2c90b0e02f24cb90012f2512a94f003c','a',NULL,'2011-04-05 17:51:10','2011-04-05 18:07:38','127.0.0.1','5010BFF37DAD02CF5CAEF2B03657E378');
INSERT INTO `do_log` VALUES ('2c90b0e02f24cb90012f2521dde3003e','fxlr',NULL,'2011-04-05 18:07:47','2011-04-05 19:00:56','127.0.0.1','578FD881F2C0CF409F80E52F2B92388B');
INSERT INTO `do_log` VALUES ('2c90b0e22ebda8cb012ebda8cb770000','a',NULL,'2011-03-16 15:54:39',NULL,'127.0.0.1','F7D38D5DEDA2F001DC06A612D4E7FD62');
INSERT INTO `do_log` VALUES ('2c90b0e62f0e9d00012f0e9d001a0000','a',NULL,'2011-04-01 09:11:00',NULL,'127.0.0.1','C2A8737511571D5320673A4962A32DE1');
INSERT INTO `do_log` VALUES ('2c90b0e62f0e9d00012f0e9d36da0001','u',NULL,'2011-04-01 09:11:14',NULL,'127.0.0.1','C2A8737511571D5320673A4962A32DE1');
INSERT INTO `do_log` VALUES ('2c90b0e62f0eccf2012f0eccf2650000','fxlr',NULL,'2011-04-01 10:03:23',NULL,'127.0.0.1','B67CFC86D3ACC614E23D46950FD6CA9C');
INSERT INTO `do_log` VALUES ('2c90b0e62f0eccf2012f0ecd07930001','fxlr',NULL,'2011-04-01 10:03:28',NULL,'127.0.0.1','B67CFC86D3ACC614E23D46950FD6CA9C');
INSERT INTO `do_log` VALUES ('2c90b0e62f0ed615012f0ed615d00000','fxlr',NULL,'2011-04-01 10:13:22','2011-04-01 10:33:07','127.0.0.1','DBF3C5342F3896BC2079A83E050BB21B');
INSERT INTO `do_log` VALUES ('2c90b0e62f0ed615012f0edd85be000d','xtgl',NULL,'2011-04-01 10:21:29',NULL,'127.0.0.1','FFBCECAF42046F55D9F267270D1088D7');
INSERT INTO `do_log` VALUES ('2c90b0e62f0ed615012f0ee854b6000e','xtgl',NULL,'2011-04-01 10:33:17',NULL,'127.0.0.1','159CE03AEDDDCF33C72DC6FC7B716697');
INSERT INTO `do_log` VALUES ('2c90b0e62f0f2075012f0f2075ab0000','fxlr',NULL,'2011-04-01 11:34:36','2011-04-01 12:16:57','127.0.0.1','64C9988571B0F1711CF1B8B09F590973');
INSERT INTO `do_log` VALUES ('2c90b0e62f0f2075012f0f2302be000b','a',NULL,'2011-04-01 11:37:23','2011-04-01 11:46:53','127.0.0.1','20931E73C71095C9BEF340B36490F548');
INSERT INTO `do_log` VALUES ('2c90b0e62f0f2075012f0f2bdc2f000d','fxlr',NULL,'2011-04-01 11:47:03','2011-04-01 12:23:01','127.0.0.1','BE94CCAAFC33E8879C46F6C4835F6516');
INSERT INTO `do_log` VALUES ('2c90b0e62f0f9d05012f0f9d053d0000','fxlr',NULL,'2011-04-01 13:50:39',NULL,'127.0.0.1','DE8EDF72D5C2F4778BE5CECB0A70844A');
INSERT INTO `do_log` VALUES ('2c90b0e62f0f9d05012f0fa0ae310001','a',NULL,'2011-04-01 13:54:39',NULL,'127.0.0.1','AC836E7E7C459BBAA56E45F8EC10E215');
INSERT INTO `do_log` VALUES ('2c90b0e62f0f9d05012f0fa0fea30002','fxlr',NULL,'2011-04-01 13:54:59',NULL,'127.0.0.1','B02EE0E8522FC1C477C973898026039B');
INSERT INTO `do_log` VALUES ('2c90b0ec2edb195a012edb195a160000','a',NULL,'2011-03-22 09:06:35','2011-03-22 10:47:41','127.0.0.1','DA0AE4F925650E04C4FEEBFDFDF1A341');
INSERT INTO `do_log` VALUES ('2c90b0ec2edb195a012edb226d6e0001','a',NULL,'2011-03-22 09:16:29','2011-03-22 09:52:32','127.0.0.1','A13975D90FC9D4B1C53A7D6D2388221C');
INSERT INTO `do_log` VALUES ('2c90b0ec2edb7978012edb7978d60000','a',NULL,'2011-03-22 10:51:34','2011-03-22 12:17:24','127.0.0.1','FC18F2551A3A19AD6BD085E97776F7A2');
INSERT INTO `do_log` VALUES ('2c90b0ec2edb7978012edc162ae90042','a',NULL,'2011-03-22 13:42:43',NULL,'127.0.0.1','85762EC9FD06EB24FD81C58FDEF02F69');
INSERT INTO `do_log` VALUES ('2c90b0ec2edc4bdd012edc4bddd90000','a',NULL,'2011-03-22 14:41:22',NULL,'127.0.0.1','D1D972D11699DDA5D3625A5A7D6C4467');
INSERT INTO `do_log` VALUES ('2c90b0ef2f518a5b012f518a5b620000','a',NULL,'2011-04-14 09:05:12',NULL,'127.0.0.1','8D5FDF719423832D83DE9C49B88B204D');
INSERT INTO `do_log` VALUES ('2c90b0ef2f518a5b012f51991a690001','fxlr',NULL,'2011-04-14 09:21:18',NULL,'127.0.0.1','8D5FDF719423832D83DE9C49B88B204D');
INSERT INTO `do_log` VALUES ('2c90b0ef2f518a5b012f519b55840002','xtgl',NULL,'2011-04-14 09:23:45',NULL,'127.0.0.1','E2196F1A7B1847F0731B9500A9E10481');
INSERT INTO `do_log` VALUES ('2c90b0ef2f518a5b012f51a2cc580007','zcfz',NULL,'2011-04-14 09:31:54',NULL,'127.0.0.1','95A45361BE5413CB9C42120E05700B61');
INSERT INTO `do_log` VALUES ('2c90b0ef2f51c215012f51c215ed0000','fxlr',NULL,'2011-04-14 10:06:04',NULL,'127.0.0.1','E9A3F7540D371FE485E90F32DA39BCB9');
INSERT INTO `do_log` VALUES ('2c90b0ef2f51c215012f51c89f730025','fxlr',NULL,'2011-04-14 10:13:13',NULL,'127.0.0.1','E62C262F073517ECECA8F5634805F817');
INSERT INTO `do_log` VALUES ('2c90b0ef2f51d33a012f51d33a990000','fxlr',NULL,'2011-04-14 10:24:48',NULL,'127.0.0.1','2E0A4277B2FC67A077DF032FAE15CB20');
INSERT INTO `do_log` VALUES ('2c90b0ef2f51d33a012f51d3b2690001','xtgl',NULL,'2011-04-14 10:25:18',NULL,'127.0.0.1','2E0A4277B2FC67A077DF032FAE15CB20');
INSERT INTO `do_log` VALUES ('2c90b0ef2f51d33a012f51d45a800002','fxlr',NULL,'2011-04-14 10:26:02',NULL,'127.0.0.1','468A4B4391843918A7AD388C31E6DD44');
INSERT INTO `do_log` VALUES ('2c90b0ef2f51da2c012f51da2c2f0000','xtgl',NULL,'2011-04-14 10:32:23',NULL,'127.0.0.1','2FFC8B2E8E21578D31A1D19CD45A4429');
INSERT INTO `do_log` VALUES ('2c90b0ef2f51e423012f51e423b30000','xtgl',NULL,'2011-04-14 10:43:16',NULL,'127.0.0.1','DCAF51D3FCE8A0EFC3B3AFF63EBD4094');
INSERT INTO `do_log` VALUES ('2c90b0ef2f51f5b9012f51f5b9a70000','xtgl',NULL,'2011-04-14 11:02:29',NULL,'127.0.0.1','45FF7807B8A7EAF7475FA376938D6C99');
INSERT INTO `do_log` VALUES ('2c90b0ef2f51f5b9012f51f654120001','fxlr',NULL,'2011-04-14 11:03:08',NULL,'127.0.0.1','5A19921A64122FDABA5161D7AE9D41E3');
INSERT INTO `do_log` VALUES ('2c90b0ef2f51ffc5012f51ffc5200000','fxlr',NULL,'2011-04-14 11:13:27',NULL,'127.0.0.1','8A55ECB3E1B7CA918D710D3E79253CBE');
INSERT INTO `do_log` VALUES ('2c90b0ef2f5205e2012f5205e2110000','fxlr',NULL,'2011-04-14 11:20:07','2011-04-14 12:14:08','127.0.0.1','1786B85431D1A025BD280600243C2EC4');
INSERT INTO `do_log` VALUES ('2c90b0ef2f5205e2012f5208d9670007','xtgl',NULL,'2011-04-14 11:23:22','2011-04-14 12:15:08','127.0.0.1','F8F273DDE95B45E85DFB06A314626699');
INSERT INTO `do_log` VALUES ('2c90b0ef2f5205e2012f520b2f000008','xtgl',NULL,'2011-04-14 11:25:55','2011-04-14 12:11:06','127.0.0.1','1D942ED75BDCE5D66FAC7DF941B09F3E');
INSERT INTO `do_log` VALUES ('2c90b0ef2f5205e2012f520b40b30009','xtgl',NULL,'2011-04-14 11:25:59','2011-04-14 12:11:06','127.0.0.1','1D942ED75BDCE5D66FAC7DF941B09F3E');
INSERT INTO `do_log` VALUES ('2c90b0ef2f5205e2012f520c2362000a','xtgl',NULL,'2011-04-14 11:26:57','2011-04-14 12:14:08','127.0.0.1','1786B85431D1A025BD280600243C2EC4');
INSERT INTO `do_log` VALUES ('2c90b0ef2f5205e2012f520c3573000b','xtgl',NULL,'2011-04-14 11:27:02','2011-04-14 12:14:08','127.0.0.1','1786B85431D1A025BD280600243C2EC4');
INSERT INTO `do_log` VALUES ('2c90b0ef2f52462b012f52462bf30000','xtgl',NULL,'2011-04-14 12:30:21',NULL,'127.0.0.1','CE8F60A7D370128E5BD5F2D81164DB3B');
INSERT INTO `do_log` VALUES ('2c90b0ef2f52462b012f524f860e0001','xtgl',NULL,'2011-04-14 12:40:34',NULL,'127.0.0.1','F14677176E32BD94AE386032751D7411');
INSERT INTO `do_log` VALUES ('2c90b0ef2f526716012f526716870000','xtgl',NULL,'2011-04-14 13:06:18',NULL,'127.0.0.1','84C36899EAE12AFC41FC0B61B0DACE3B');
INSERT INTO `do_log` VALUES ('2c90b0ef2f526716012f5267d4a60001','xtgl',NULL,'2011-04-14 13:07:07',NULL,'127.0.0.1','B308E6DCEE7B8554FDDAEDDE6BB7A9F5');
INSERT INTO `do_log` VALUES ('2c90b0ef2f5269e2012f5269e2970000','xtgl',NULL,'2011-04-14 13:09:21',NULL,'127.0.0.1','FA2C087E79B9468385E01550D5582EAD');
INSERT INTO `do_log` VALUES ('2c90b0ef2f5269e2012f526a3dd60001','xtgl',NULL,'2011-04-14 13:09:45',NULL,'127.0.0.1','CC72B91A364ED9EBEF856E11B970361A');
INSERT INTO `do_log` VALUES ('2c90b0ef2f526fa1012f526fa12c0000','xtgl',NULL,'2011-04-14 13:15:38',NULL,'127.0.0.1','2A50511F231FFCD5089DB56DA1762B0D');
INSERT INTO `do_log` VALUES ('2c90b0ef2f527516012f527516830000','xtgl',NULL,'2011-04-14 13:21:35',NULL,'127.0.0.1','ED4AA5C49A691FAE33AB7A8DA6537EDC');
INSERT INTO `do_log` VALUES ('2c90b0ef2f527bbe012f527bbe8d0000','xtgl',NULL,'2011-04-14 13:28:52',NULL,'127.0.0.1','645737CAF55E640D70C17508F06A0982');
INSERT INTO `do_log` VALUES ('2c90b0ef2f527ecd012f527ecd250000','xtgl',NULL,'2011-04-14 13:32:12',NULL,'127.0.0.1','C63CD91B1A51C9309A711DD3EFB25ACA');
INSERT INTO `do_log` VALUES ('2c90b0ef2f5285f4012f5285f4040000','xtgl',NULL,'2011-04-14 13:40:01',NULL,'127.0.0.1','85A826FC5B83545A2636B207D967858B');
INSERT INTO `do_log` VALUES ('2c90b0ef2f5285f4012f5295beae0001','xtgl',NULL,'2011-04-14 13:57:16',NULL,'127.0.0.1','1733CC82194E3CDBB210C2DD21C58DDF');
INSERT INTO `do_log` VALUES ('2c90b0ef2f5285f4012f5295bf690002','xtgl',NULL,'2011-04-14 13:57:16',NULL,'127.0.0.1','1733CC82194E3CDBB210C2DD21C58DDF');
INSERT INTO `do_log` VALUES ('2c90b0ef2f5297b4012f5297b4820000','xtgl',NULL,'2011-04-14 13:59:24',NULL,'127.0.0.1','763F918BC158A544064D6E578F7664DE');
INSERT INTO `do_log` VALUES ('2c90b0ef2f52997c012f52997c900000','xtgl',NULL,'2011-04-14 14:01:21',NULL,'127.0.0.1','B4EFC7009EBEB0776ADE4C8349E0973F');
INSERT INTO `do_log` VALUES ('2c90b0ef2f52a127012f52a127260000','xtgl',NULL,'2011-04-14 14:09:43',NULL,'127.0.0.1','0714D8DEC67EA15D27BE2E8E8B831E64');
INSERT INTO `do_log` VALUES ('2c90b0ef2f52a127012f52a1ca4c0001','xtgl',NULL,'2011-04-14 14:10:25',NULL,'127.0.0.1','23D8E8C65DCF6F23A235C38C07935D25');
INSERT INTO `do_log` VALUES ('2c90b0ef2f52aae7012f52aae75e0000','xtgl',NULL,'2011-04-14 14:20:22',NULL,'127.0.0.1','3B93A558A3CD129A9891165DDE6A8744');
INSERT INTO `do_log` VALUES ('2c90b0ef2f52aae7012f52aca3940001','xtgl',NULL,'2011-04-14 14:22:16',NULL,'127.0.0.1','AEA992F79696C0BEF870D26EFC33B59A');
INSERT INTO `do_log` VALUES ('2c90b0ef2f52b2e4012f52b2e4880000','xtgl',NULL,'2011-04-14 14:29:06',NULL,'127.0.0.1','D7999D46395864486B86ED14DE5D6A0C');
INSERT INTO `do_log` VALUES ('2c90b0ef2f52b2e4012f52b3636c0001','xtgl',NULL,'2011-04-14 14:29:38',NULL,'127.0.0.1','917ED713751A6B4A67BA8413AE341501');
INSERT INTO `do_log` VALUES ('2c90b0ef2f52b63c012f52b63cdb0000','xtgl',NULL,'2011-04-14 14:32:45',NULL,'127.0.0.1','FAFFEDD5E0417741C3F9E15686A4251E');
INSERT INTO `do_log` VALUES ('2c90b0ef2f52b63c012f52b6f3f60001','xtgl',NULL,'2011-04-14 14:33:32',NULL,'127.0.0.1','F24A0E51591CAA2E6FCFF2BC19B520AF');
INSERT INTO `do_log` VALUES ('2c90b0ef2f52b63c012f52b7eda80002','xtgl',NULL,'2011-04-14 14:34:36',NULL,'127.0.0.1','C24BB4D87C8FFA2AA25ED23B86D489FC');
INSERT INTO `do_log` VALUES ('2c90b0ef2f52bd29012f52bd29fd0000','xtgl',NULL,'2011-04-14 14:40:19',NULL,'127.0.0.1','A544E4AF8BD0D24CACBEAEB08D1D4631');
INSERT INTO `do_log` VALUES ('2c90b0ef2f52bd29012f52c794bc0001','xtgl',NULL,'2011-04-14 14:51:42',NULL,'127.0.0.1','37CDD777E0D569AF669566D74A1AE9C6');
INSERT INTO `do_log` VALUES ('2c90b0ef2f52bd29012f52ce50100002','xtgl',NULL,'2011-04-14 14:59:03',NULL,'127.0.0.1','6655E74D63587296E61A93787332F5E5');
INSERT INTO `do_log` VALUES ('2c90b0ef2f52bd29012f52d99c270004','xtgl',NULL,'2011-04-14 15:11:23',NULL,'127.0.0.1','178512441920E63DB77221C7DE900B6A');
INSERT INTO `do_log` VALUES ('2c90b0ef2f52de48012f52de48810000','xtgl',NULL,'2011-04-14 15:16:29',NULL,'127.0.0.1','A77A21CDAD37A219F537DEB0198DEDE1');
INSERT INTO `do_log` VALUES ('2c90b0ef2f52de48012f52e2e8a50001','xtgl',NULL,'2011-04-14 15:21:33',NULL,'127.0.0.1','9FE4237AE161BDF72D9500AF10285C01');
INSERT INTO `do_log` VALUES ('2c90b0ef2f52fa2c012f52fa2cc30000','xtgl',NULL,'2011-04-14 15:46:57',NULL,'127.0.0.1','D8C314DCDFA0D52C9EF4C6DD36649196');
INSERT INTO `do_log` VALUES ('2c90b0ef2f52fa2c012f52fe665e0001','xtgl',NULL,'2011-04-14 15:51:34',NULL,'127.0.0.1','BE50A5EAC7B3733E629F9E18A7D289FA');
INSERT INTO `do_log` VALUES ('2c90b0ef2f53059e012f53059e440000','xtgl',NULL,'2011-04-14 15:59:27',NULL,'127.0.0.1','A645A71851C30E0EF5BA6516EF855A8E');
INSERT INTO `do_log` VALUES ('2c90b0ef2f530862012f530862650000','xtgl',NULL,'2011-04-14 16:02:29',NULL,'127.0.0.1','92D1531E8DCB0E8B71EC1B8D16A6DF17');
INSERT INTO `do_log` VALUES ('2c90b0ef2f530ca0012f530ca0e20000','xtgl',NULL,'2011-04-14 16:07:07',NULL,'127.0.0.1','0BF835115BC93769C0891D63A404BD34');
INSERT INTO `do_log` VALUES ('2c90b0ef2f531234012f531234bd0000','xtgl',NULL,'2011-04-14 16:13:12',NULL,'127.0.0.1','F01EBEA10D81506B533E1DC48FA1330B');
INSERT INTO `do_log` VALUES ('2c90b0ef2f5319ea012f5319eacd0000','xtgl',NULL,'2011-04-14 16:21:38',NULL,'127.0.0.1','AF3F311EED9E8A714940630F1FA647A9');
INSERT INTO `do_log` VALUES ('2c90b0ef2f5319ea012f53222a6f0001','a',NULL,'2011-04-14 16:30:38',NULL,'127.0.0.1','8EF3475247EEB09236E8E6E881F28B6E');
INSERT INTO `do_log` VALUES ('2c90b0ef2f53362b012f53362be40000','xtgl',NULL,'2011-04-14 16:52:29',NULL,'127.0.0.1','0298C3139F7BC8D9BB72BA8F96722077');
INSERT INTO `do_log` VALUES ('2c90b0ef2f53431c012f53431c360000','xtgl',NULL,'2011-04-14 17:06:37',NULL,'127.0.0.1','3B9F76C9DCD3BD41D8235A8595A76869');
INSERT INTO `do_log` VALUES ('2c90b0ef2f535628012f535628300000','xtgl',NULL,'2011-04-14 17:27:26',NULL,'127.0.0.1','65A36E0F4BD1933CCA56A10AE36783D8');
INSERT INTO `do_log` VALUES ('2c90b0ef2f535ff3012f535ff3150000','xtgl',NULL,'2011-04-14 17:38:07',NULL,'127.0.0.1','FDFEA909C28F8982A8A88CD51085F4CC');
INSERT INTO `do_log` VALUES ('2c90b0ef2f536f86012f536f86f00000','xtgl',NULL,'2011-04-14 17:55:08',NULL,'127.0.0.1','B5AE4EE675D039DEB2E7F3DD91BADF1A');
INSERT INTO `do_log` VALUES ('2c90b0f52f2d7b51012f2d7b51c10000','a',NULL,'2011-04-07 09:02:27',NULL,'127.0.0.1','788533131799F1112FCF6A3E47752784');
INSERT INTO `do_log` VALUES ('2c90b0f52f2d7b51012f2d8588ee0005','fxlr',NULL,'2011-04-07 09:13:36',NULL,'127.0.0.1','788533131799F1112FCF6A3E47752784');
INSERT INTO `do_log` VALUES ('2c90b0f52f2d895f012f2d895fd70000','fxlr',NULL,'2011-04-07 09:17:48','2011-04-07 12:03:21','127.0.0.1','095CDFAE872B9C809A469AB6A30877CC');
INSERT INTO `do_log` VALUES ('2c90b0f52f2d895f012f2db1f9260025','xtgl',NULL,'2011-04-07 10:02:09','2011-04-07 10:33:20','127.0.0.1','93034596AD87FDEB8BA5FDCB539C4C6C');
INSERT INTO `do_log` VALUES ('2c90b0f52f2d895f012f2dceb440005f','xtgl',NULL,'2011-04-07 10:33:31','2011-04-07 11:03:40','127.0.0.1','49766277CB1A17D60D9C4AB910A6DB46');
INSERT INTO `do_log` VALUES ('2c90b0f52f2e8ab3012f2e8ab3a20000','a',NULL,'2011-04-07 13:58:52','2011-04-07 14:59:20','127.0.0.1','1C6E8460860932535C9BAB6367BDC519');
INSERT INTO `do_log` VALUES ('2c90b0f52f2e8ab3012f2e8aedad0001','fxlr',NULL,'2011-04-07 13:59:07','2011-04-07 14:59:20','127.0.0.1','1C6E8460860932535C9BAB6367BDC519');
INSERT INTO `do_log` VALUES ('2c90b0f52f2e8ab3012f2ec768c5000a','a',NULL,'2011-04-07 15:05:11',NULL,'127.0.0.1','44592ADA2E9160785DE59E3EF0377939');
INSERT INTO `do_log` VALUES ('2c90b0f52f2e8ab3012f2ec7a0bd000b','fxlr',NULL,'2011-04-07 15:05:25',NULL,'127.0.0.1','44592ADA2E9160785DE59E3EF0377939');
INSERT INTO `do_log` VALUES ('2c90b0f52f2e8ab3012f2f0c04200025','xtgl',NULL,'2011-04-07 16:20:07',NULL,'127.0.0.1','3BC1D14ABC9CEA17CEDD36F62B3A1F3C');
INSERT INTO `do_log` VALUES ('2c90b0f52f2e8ab3012f2f11929c0028','zcfz',NULL,'2011-04-07 16:26:11',NULL,'127.0.0.1','30113813B6066793E8723D29EB576EB3');
INSERT INTO `do_log` VALUES ('2c90b0f52f2f17f7012f2f17f7250000','fxlr',NULL,'2011-04-07 16:33:10','2011-04-07 16:48:03','127.0.0.1','3C217EDDBEDAB09656E9B7D73E9102D9');
INSERT INTO `do_log` VALUES ('2c90b0f52f2f17f7012f2f22a0b30009','xtgl',NULL,'2011-04-07 16:44:49','2011-04-07 16:48:03','127.0.0.1','3C217EDDBEDAB09656E9B7D73E9102D9');
INSERT INTO `do_log` VALUES ('2c90b0f52f2f17f7012f2f25bfa6000a','fxlr',NULL,'2011-04-07 16:48:13','2011-04-07 17:04:46','127.0.0.1','268C5B4BD57C2A7C47B71134E53033AF');
INSERT INTO `do_log` VALUES ('2c90b0f52f2f17f7012f2f25ed0f000b','xtgl',NULL,'2011-04-07 16:48:25',NULL,'127.0.0.1','40594E180E272EDC0806CDFE27D2688A');
INSERT INTO `do_log` VALUES ('2c90b0f52f2f17f7012f2f26269d000c','zcfz',NULL,'2011-04-07 16:48:40',NULL,'127.0.0.1','92381A9362495BF1E5162E5C28C6240C');
INSERT INTO `do_log` VALUES ('2c90b0f52f2f17f7012f2f2dcfad0023','zcfz',NULL,'2011-04-07 16:57:02','2011-04-07 17:04:46','127.0.0.1','268C5B4BD57C2A7C47B71134E53033AF');
INSERT INTO `do_log` VALUES ('2c90b0f52f2f38b1012f2f38b1420000','fxlr',NULL,'2011-04-07 17:08:55',NULL,'127.0.0.1','88B42975AA814DFFBFA444EC56655B1E');
INSERT INTO `do_log` VALUES ('2c90b0f52f2f38b1012f2f38ca870001','fxlr',NULL,'2011-04-07 17:09:01',NULL,'127.0.0.1','88B42975AA814DFFBFA444EC56655B1E');
INSERT INTO `do_log` VALUES ('2c90b0f52f2f38b1012f2f390c720002','xtgl',NULL,'2011-04-07 17:09:18',NULL,'127.0.0.1','ADC82F3CDAC05DA726B51E2E28F96E03');
INSERT INTO `do_log` VALUES ('2c90b0f52f2f38b1012f2f3947770003','zcfz',NULL,'2011-04-07 17:09:33',NULL,'127.0.0.1','70DA2DDDC2F3FA84254BD52FCA99535A');
INSERT INTO `do_log` VALUES ('2c90b0f52f2f4f7d012f2f4f7d900000','zcfz',NULL,'2011-04-07 17:33:49',NULL,'127.0.0.1','CCECEC1D5461EFD6958B15694819503E');
INSERT INTO `do_log` VALUES ('2c90b0f52f2f4f7d012f2f519f080001','fxlr',NULL,'2011-04-07 17:36:08',NULL,'127.0.0.1','64BA03A42EDD16DF515E60BCE5951C35');
INSERT INTO `do_log` VALUES ('2c90b0f52f2f4f7d012f2f52695d0008','xtgl',NULL,'2011-04-07 17:37:00',NULL,'127.0.0.1','59ACE9CE60328D043E1D53572F3B7192');
INSERT INTO `do_log` VALUES ('2c90b0f52f2f69d5012f2f69d5c30000','a',NULL,'2011-04-07 18:02:35','2011-04-07 18:23:32','127.0.0.1','78A4E118DE381C47182C128B3CB51E12');
INSERT INTO `do_log` VALUES ('2c90b0f52f2f69d5012f2f6a07df0001','fxlr',NULL,'2011-04-07 18:02:48','2011-04-07 18:23:32','127.0.0.1','78A4E118DE381C47182C128B3CB51E12');
INSERT INTO `do_log` VALUES ('2c90b0f52f2f69d5012f2f7d31160024','fxlr',NULL,'2011-04-07 18:23:44',NULL,'127.0.0.1','273F1BA9AE0761B8BF7B2B6813354956');
INSERT INTO `do_log` VALUES ('2c90b0f52f2f8892012f2f88923b0000','fxlr',NULL,'2011-04-07 18:36:10',NULL,'127.0.0.1','330C9E76FDE5C5CA15FC60A41F37D0BE');
INSERT INTO `do_log` VALUES ('2c90b0f52f2f8f20012f2f8f20d20000','fxlr',NULL,'2011-04-07 18:43:19',NULL,'127.0.0.1','36CCA24FB3B86B6DC42250169E15FD06');
INSERT INTO `do_log` VALUES ('2c90b0f52f2f92a9012f2f92a92e0000','fxlr',NULL,'2011-04-07 18:47:11',NULL,'127.0.0.1','76DB18866237F2EAB6F78BA7F808A537');
INSERT INTO `do_log` VALUES ('2c90b0f52f2f963f012f2f963f450000','fxlr',NULL,'2011-04-07 18:51:06',NULL,'127.0.0.1','0B59AEA4EAFE5AC11B582C1429809B04');
INSERT INTO `do_log` VALUES ('2c90b0f52f2f9b7d012f2f9b7dcd0000','fxlr',NULL,'2011-04-07 18:56:50','2011-04-07 19:00:38','127.0.0.1','F5CD6336F24CD9EB0441F593C9DC66B6');
INSERT INTO `do_log` VALUES ('2c90b0f82ee56984012ee56984160000','a',NULL,'2011-03-24 09:10:20',NULL,'127.0.0.1','A05F86EB82E375E048C11A8704F22FC5');
INSERT INTO `do_log` VALUES ('2c90b0f82ee56984012ee569ebc90001','xw',NULL,'2011-03-24 09:10:47',NULL,'127.0.0.1','A05F86EB82E375E048C11A8704F22FC5');
INSERT INTO `do_log` VALUES ('2c90b0f82ee56984012ee56ba11c0002','a',NULL,'2011-03-24 09:12:39',NULL,'127.0.0.1','17366A26ACCB7715D3025446851D8262');
INSERT INTO `do_log` VALUES ('2c90b0f82ee56984012ee57401760003','xw',NULL,'2011-03-24 09:21:48',NULL,'127.0.0.1','A05F86EB82E375E048C11A8704F22FC5');
INSERT INTO `do_log` VALUES ('2c90b0f82ee56984012ee5928461000f','xw',NULL,'2011-03-24 09:55:08',NULL,'127.0.0.1','17366A26ACCB7715D3025446851D8262');
INSERT INTO `do_log` VALUES ('2c90b0fc2f2853ac012f2853ace60000','a',NULL,'2011-04-06 09:01:03','2011-04-06 10:34:42','127.0.0.1','473192658AFCC8B2C80059EDAF968C17');
INSERT INTO `do_log` VALUES ('2c90b0fc2f2853ac012f285abdfb0001','fxlr',NULL,'2011-04-06 09:08:46','2011-04-06 10:34:42','127.0.0.1','473192658AFCC8B2C80059EDAF968C17');
INSERT INTO `do_log` VALUES ('2c90b0fc2f2853ac012f28a2f141008d','fxlr',NULL,'2011-04-06 10:27:37','2011-04-06 10:58:03','127.0.0.1','40F1705BD4DBDD6C39D4F4AEC123D777');
INSERT INTO `do_log` VALUES ('2c90b0fc2f2853ac012f28a97a5a008e','a',NULL,'2011-04-06 10:34:46','2011-04-06 10:37:55','127.0.0.1','99E468CFD441560B4010AFCAEAE6F92B');
INSERT INTO `do_log` VALUES ('2c90b0fc2f2853ac012f28ac9258008f','fxlr',NULL,'2011-04-06 10:38:09','2011-04-06 10:38:28','127.0.0.1','B9BB34A8010D59DC6958DAE43129246E');
INSERT INTO `do_log` VALUES ('2c90b0fc2f2853ac012f28acffa80090','xtgl',NULL,'2011-04-06 10:38:36','2011-04-06 11:06:02','127.0.0.1','E4220CE55BAAB5CCD5821C4E7533C466');
INSERT INTO `do_log` VALUES ('2c90b0fc2f2853ac012f28c6475600bf','fxlr',NULL,'2011-04-06 11:06:13','2011-04-06 11:39:04','127.0.0.1','95D091277EBD59513274163E8316C9D0');
INSERT INTO `do_log` VALUES ('2c90b0fc2f2853ac012f28e4775d00c7','xtgl',NULL,'2011-04-06 11:39:12',NULL,'127.0.0.1','32EC3752983E0F81675FA9CB44D06490');
INSERT INTO `do_log` VALUES ('2c90b0fc2f295688012f295688e70000','a',NULL,'2011-04-06 13:43:47','2011-04-06 13:52:16','127.0.0.1','06D76035B0C157EC8573E1199A38BE66');
INSERT INTO `do_log` VALUES ('2c90b0fc2f295688012f295689260001','a',NULL,'2011-04-06 13:43:47','2011-04-06 13:52:16','127.0.0.1','06D76035B0C157EC8573E1199A38BE66');
INSERT INTO `do_log` VALUES ('2c90b0fc2f295688012f295a8b840008','fxlr',NULL,'2011-04-06 13:48:10','2011-04-06 13:52:16','127.0.0.1','06D76035B0C157EC8573E1199A38BE66');
INSERT INTO `do_log` VALUES ('2c90b0fc2f295688012f295e7b630009','xtgl',NULL,'2011-04-06 13:52:28','2011-04-06 14:14:10','127.0.0.1','9076ADA51829D5E0B8221A1548C1718D');
INSERT INTO `do_log` VALUES ('2c90b0fc2f295688012f29734ccb0016','zcfz',NULL,'2011-04-06 14:15:12','2011-04-06 15:40:24','127.0.0.1','55DFEE705D1831D61853B69BEDE28754');
INSERT INTO `do_log` VALUES ('2c90b0fc2f295688012f29c16847007c','fxlr',NULL,'2011-04-06 15:40:31','2011-04-06 15:40:51','127.0.0.1','52783837656B5A88D6C363FFEB3BF4D4');
INSERT INTO `do_log` VALUES ('2c90b0fc2f295688012f29c1d22c0084','xtgl',NULL,'2011-04-06 15:40:58','2011-04-06 15:42:55','127.0.0.1','4AECCB7EE46FCECA787A8E9C8F73E09D');
INSERT INTO `do_log` VALUES ('2c90b0fc2f295688012f29c3b7c50089','zcfz',NULL,'2011-04-06 15:43:03','2011-04-06 15:45:14','127.0.0.1','3219B25EE42277BBFBA6061703716DBF');
INSERT INTO `do_log` VALUES ('2c90b0fc2f295688012f29c5cfa8008e','fxlr',NULL,'2011-04-06 15:45:20','2011-04-06 16:14:54','127.0.0.1','62294F4E1C61D82261DBBA06D29EC9ED');
INSERT INTO `do_log` VALUES ('2c90b0fc2f295688012f29e108b700a5','xtgl',NULL,'2011-04-06 16:15:04','2011-04-06 16:15:16','127.0.0.1','1B2236E8E3B5B17E8BAF71A3C601D018');
INSERT INTO `do_log` VALUES ('2c90b0fc2f295688012f29e159c500a8','fxlr',NULL,'2011-04-06 16:15:25','2011-04-06 16:15:51','127.0.0.1','9B41F82FABECD37DBCE2D1414A312844');
INSERT INTO `do_log` VALUES ('2c90b0fc2f295688012f29e1e18300a9','xtgl',NULL,'2011-04-06 16:15:59','2011-04-06 16:17:24','127.0.0.1','F55A4979FAE0DD766049BD579E821ECD');
INSERT INTO `do_log` VALUES ('2c90b0fc2f295688012f29e352e500aa','zcfz',NULL,'2011-04-06 16:17:34','2011-04-06 16:17:55','127.0.0.1','331006BEA740E0FBABB6A3444FFFDC20');
INSERT INTO `do_log` VALUES ('2c90b0fc2f295688012f29e55bd400ab','fxlr',NULL,'2011-04-06 16:19:47',NULL,'127.0.0.1','89350F880514FB4012B894B54E8EC534');
INSERT INTO `do_log` VALUES ('2c90b0fc2f295688012f29e6022700b3','xtgl',NULL,'2011-04-06 16:20:30',NULL,'127.0.0.1','9542D59F785E8314A56CA9723168D628');
INSERT INTO `do_log` VALUES ('2c90b0fc2f295688012f29e676da00b6','zcfz',NULL,'2011-04-06 16:21:00',NULL,'127.0.0.1','27B89B8768FFDD7E691C51848A2C4950');
INSERT INTO `do_log` VALUES ('2c90b0fc2f29e7c3012f29e7c3cc0000','fxlr',NULL,'2011-04-06 16:22:25','2011-04-06 19:00:05','127.0.0.1','92AEAB464E393284CE2D9CBDCF583483');
INSERT INTO `do_log` VALUES ('2c90b0fc2f29e7c3012f29e96fe60008','zcfz',NULL,'2011-04-06 16:24:15','2011-04-06 17:13:22','127.0.0.1','C0C6D7EAC7ADBCAA306C969FEE09EBD9');
INSERT INTO `do_log` VALUES ('2c90b0fc2f29e7c3012f29e9a2310009','xtgl',NULL,'2011-04-06 16:24:27','2011-04-06 17:13:22','127.0.0.1','48D9A26B55488E0B6DE497B38BA4CD25');
INSERT INTO `do_log` VALUES ('2c90b0fc2f29e7c3012f2a1b40570057','xtgl',NULL,'2011-04-06 17:18:39','2011-04-06 18:06:57','127.0.0.1','DBC0689A12F04420B069CDBA11DDCD00');
INSERT INTO `do_log` VALUES ('2c90b0fc2f29e7c3012f2a28090b0071','zcfz',NULL,'2011-04-06 17:32:37','2011-04-06 18:06:57','127.0.0.1','956EC0F88764350C0E2B32EA6CB30E57');
INSERT INTO `do_log` VALUES ('2c90b0fd2ec7b577012ec7b5778f0000','a',NULL,'2011-03-18 14:44:42','2011-03-18 18:21:02','127.0.0.1','6DFB6C01A3ECCAA03EA0A887803A31AD');
INSERT INTO `do_log` VALUES ('2c90b0fd2ec7b577012ec8916fa100e8','a',NULL,'2011-03-18 18:44:57',NULL,'127.0.0.1','B816110BE9BCB8A0D48DF6B57B44D8DC');
INSERT INTO `do_log` VALUES ('2c90b0fd2ec8c5d0012ec8c5d01a0000','a',NULL,'2011-03-18 19:42:10','2011-03-18 20:58:45','127.0.0.1','632671787D768BF987DF86B94FB6DCA1');
INSERT INTO `do_log` VALUES ('2c90b0fd2ecba246012ecba246e80000','a',NULL,'2011-03-19 09:02:13',NULL,'127.0.0.1','DB906967047522D6F0EC9756E6A59CDC');
INSERT INTO `do_log` VALUES ('2c90b0fd2ecc0aa9012ecc0aa9d80000','a',NULL,'2011-03-19 10:56:14',NULL,'127.0.0.1','ACF7B3D4FC9EF041D75444A0246D1FD7');
INSERT INTO `do_log` VALUES ('2c90b0fd2ecc27d2012ecc27d2e30000','a',NULL,'2011-03-19 11:28:05',NULL,'127.0.0.1','46A68698999421E35ABE191E597AFFA5');
INSERT INTO `do_log` VALUES ('2c90b0fd2ecc2af6012ecc2af6cf0000','a',NULL,'2011-03-19 11:31:31',NULL,'127.0.0.1','712EA739F3B9579570FC817A9CCD086B');
INSERT INTO `do_log` VALUES ('2c90b0fd2ecc9f15012ecc9f15480000','a',NULL,'2011-03-19 13:38:21',NULL,'127.0.0.1','CB2B7DE0B946DA03E73BD7DA7883050C');
INSERT INTO `do_log` VALUES ('2c90b0fd2ecca39c012ecca39c300000','a',NULL,'2011-03-19 13:43:17',NULL,'127.0.0.1','FB814BB48DCEAB8B7DE0FECF21560333');
INSERT INTO `do_log` VALUES ('2c90b0fd2eccad6c012eccad6ca90000','a',NULL,'2011-03-19 13:54:01',NULL,'127.0.0.1','0CD17FF4D6EEB615DDFD6A2EA58BD243');
INSERT INTO `do_log` VALUES ('2c90b0fd2eccb5c0012eccb5c0060000','a',NULL,'2011-03-19 14:03:06',NULL,'127.0.0.1','ACF999B64F51E11601CFEB9AD0C5BB3D');
INSERT INTO `do_log` VALUES ('2c90b0fd2eccb6dd012eccb6dd260000','a',NULL,'2011-03-19 14:04:19',NULL,'127.0.0.1','4E357C3607DD8A5F0EBEEE2F4E88FD7D');
INSERT INTO `do_log` VALUES ('2c90b0fd2eccb8cf012eccb8cfab0000','a',NULL,'2011-03-19 14:06:27',NULL,'127.0.0.1','D7760C9F52CD89B446F835F07150DB6A');
INSERT INTO `do_log` VALUES ('2c90b0fd2eccbbdd012eccbbddfe0000','a',NULL,'2011-03-19 14:09:47',NULL,'127.0.0.1','466C5B09AA573164278AAC16E46C05BC');
INSERT INTO `do_log` VALUES ('2c90b0fd2eccc0fe012eccc0fe8a0000','a',NULL,'2011-03-19 14:15:23',NULL,'127.0.0.1','68DD4CE636C21C3F39F18C92F8E9E8D0');
INSERT INTO `do_log` VALUES ('2c90b0fd2eccc55d012eccc55ddd0000','a',NULL,'2011-03-19 14:20:10',NULL,'127.0.0.1','00DC27267DE3320966FE84678F391E79');
INSERT INTO `do_log` VALUES ('2c90b0fd2eccca33012eccca335e0000','a',NULL,'2011-03-19 14:25:26','2011-03-19 16:04:00','127.0.0.1','0EE358D9D5D483F0591D46063D612385');
INSERT INTO `do_log` VALUES ('2c90b0fd2eccca33012ecd336aed001e','a',NULL,'2011-03-19 16:20:22',NULL,'127.0.0.1','3CC555BF2FA908D4F08C5A6019D130F4');
INSERT INTO `do_log` VALUES ('2c90b0fd2ecd8bfc012ecd8bfc6a0000','a',NULL,'2011-03-19 17:57:06',NULL,'127.0.0.1','52F29108B3E339B966931F6916DFA0D5');
INSERT INTO `do_log` VALUES ('2c90b1062ee5c911012ee5c911bf0000','a',NULL,'2011-03-24 10:54:43','2011-03-24 12:08:54','127.0.0.1','0688DE4FE34D1F544BA18A093C88961E');
INSERT INTO `do_log` VALUES ('2c90b1062ee5c911012ee619acc20055','a',NULL,'2011-03-24 12:22:45',NULL,'127.0.0.1','D4AAA42F990442AAFB86B6A4E28A0F31');
INSERT INTO `do_log` VALUES ('2c90b1062ee5c911012ee619df880056','xw',NULL,'2011-03-24 12:22:58',NULL,'127.0.0.1','D4AAA42F990442AAFB86B6A4E28A0F31');
INSERT INTO `do_log` VALUES ('2c90b1062ee673a6012ee673a6240000','a',NULL,'2011-03-24 14:01:02',NULL,'127.0.0.1','83A2DBF2AE840BB20348B92EA1C6A674');
INSERT INTO `do_log` VALUES ('2c90b1062ee680b5012ee680b5570000','a',NULL,'2011-03-24 14:15:18',NULL,'127.0.0.1','5AD13757E8BD04D7EF58A6F92CA19923');
INSERT INTO `do_log` VALUES ('2c90b1062ee680b5012ee6903d350001','xw',NULL,'2011-03-24 14:32:15',NULL,'127.0.0.1','5AD13757E8BD04D7EF58A6F92CA19923');
INSERT INTO `do_log` VALUES ('2c90b1132f389179012f389179420000','fxlr',NULL,'2011-04-09 12:42:28','2011-04-09 13:16:19','127.0.0.1','35C6E7DD3D1FF060BA0AA8F59CDB7A2F');
INSERT INTO `do_log` VALUES ('2c90b1132f389179012f38e6ffbb0001','a',NULL,'2011-04-09 14:15:53','2011-04-09 14:58:11','127.0.0.1','8501FF3E9A37F8F9C74330ECD29AC950');
INSERT INTO `do_log` VALUES ('2c90b1132f389179012f392adc670004','a',NULL,'2011-04-09 15:30:00','2011-04-09 16:37:10','127.0.0.1','E6794C97566805D6E7ABAB63598EF96A');
INSERT INTO `do_log` VALUES ('2c90b1132f389179012f396f2ced0013','a',NULL,'2011-04-09 16:44:38','2011-04-09 18:00:03','127.0.0.1','53CF935871C056735FDF5E4F093652EF');
INSERT INTO `do_log` VALUES ('2c90b1132f389179012f3970899f0015','fxlr',NULL,'2011-04-09 16:46:07','2011-04-09 18:00:03','127.0.0.1','53CF935871C056735FDF5E4F093652EF');
INSERT INTO `do_log` VALUES ('2c90b1362f056100012f056100050000','xw',NULL,'2011-03-30 14:08:53',NULL,'127.0.0.1','2E697EF0942BD7DE3ED6087D1082DB19');
INSERT INTO `do_log` VALUES ('2c90b1362f056100012f056958020001','xw',NULL,'2011-03-30 14:18:00',NULL,'127.0.0.1','7C6EE100157FDAF465153DBC8589B3B4');
INSERT INTO `do_log` VALUES ('2c90b1362f056100012f0569f4800002','a',NULL,'2011-03-30 14:18:40',NULL,'127.0.0.1','2E697EF0942BD7DE3ED6087D1082DB19');
INSERT INTO `do_log` VALUES ('2c90b1362f056f3a012f056f3a5b0000','a',NULL,'2011-03-30 14:24:26','2011-03-30 14:54:06','127.0.0.1','591A84963A1778D1EF50B742D294021C');
INSERT INTO `do_log` VALUES ('2c90b1362f056f3a012f056f6a640001','xw',NULL,'2011-03-30 14:24:38','2011-03-30 14:54:06','127.0.0.1','591A84963A1778D1EF50B742D294021C');
INSERT INTO `do_log` VALUES ('2c90b1362f056f3a012f0570605c0002','xw',NULL,'2011-03-30 14:25:41',NULL,'127.0.0.1','5E5B12B09DE2ABEA0D27EAC5D9FC5697');
INSERT INTO `do_log` VALUES ('2c90b1362f056f3a012f058acf160003','xw',NULL,'2011-03-30 14:54:33',NULL,'127.0.0.1','D4FAE2EB0EE1E1280565175CA105BD13');
INSERT INTO `do_log` VALUES ('2c90b1362f05b8ca012f05b8ca920000','a',NULL,'2011-03-30 15:44:47',NULL,'127.0.0.1','AF75CF5288B1D5486A2FE06C7539BF32');
INSERT INTO `do_log` VALUES ('2c90b1362f05b8ca012f05bb8e260007','xw',NULL,'2011-03-30 15:47:48',NULL,'127.0.0.1','AF75CF5288B1D5486A2FE06C7539BF32');
INSERT INTO `do_log` VALUES ('2c90b1362f05b8ca012f05bd5e720008','xw',NULL,'2011-03-30 15:49:47',NULL,'127.0.0.1','AF75CF5288B1D5486A2FE06C7539BF32');
INSERT INTO `do_log` VALUES ('2c90b18d2f14db1a012f14db1a1e0000','a',NULL,'2011-04-02 14:16:34','2011-04-02 15:57:59','127.0.0.1','5906C57D153AAEEB54FD58A311A54CD9');
INSERT INTO `do_log` VALUES ('2c90b18d2f14db1a012f14db68bb0001','fxlr',NULL,'2011-04-02 14:16:54','2011-04-02 15:57:59','127.0.0.1','5906C57D153AAEEB54FD58A311A54CD9');
INSERT INTO `do_log` VALUES ('2c90b18d2f153bdd012f153bdd270000','fxlr',NULL,'2011-04-02 16:02:15',NULL,'127.0.0.1','0A49B009A4A25999A7C8D396D0ECB8B1');
INSERT INTO `do_log` VALUES ('2c90b18d2f153bdd012f154019420003','a',NULL,'2011-04-02 16:06:53','2011-04-02 16:07:51','127.0.0.1','BE6369123B0E906BA3E96E192AF5A292');
INSERT INTO `do_log` VALUES ('2c90b18d2f1542ce012f1542ce120000','a',NULL,'2011-04-02 16:09:50',NULL,'127.0.0.1','0580251C2C900E49E12E10C8D7F645FF');
INSERT INTO `do_log` VALUES ('2c90b18d2f1542ce012f1544b1780004','fxlr',NULL,'2011-04-02 16:11:54',NULL,'127.0.0.1','0580251C2C900E49E12E10C8D7F645FF');
INSERT INTO `do_log` VALUES ('2c90b18d2f1542ce012f154cbc8d0009','fxlr',NULL,'2011-04-02 16:20:41',NULL,'127.0.0.1','0580251C2C900E49E12E10C8D7F645FF');
INSERT INTO `do_log` VALUES ('2c90b18d2f156bfc012f156bfc100000','fxlr',NULL,'2011-04-02 16:54:49',NULL,'127.0.0.1','7D0D0580C277BF09D0DD373301656261');
INSERT INTO `do_log` VALUES ('2c90b18d2f1571bd012f1571bdc10000','fxlr',NULL,'2011-04-02 17:01:06',NULL,'127.0.0.1','6F2689FD49AC9DE5AB4752D6790948C7');
INSERT INTO `do_log` VALUES ('2c90b18d2f157371012f1573717c0000','fxlr',NULL,'2011-04-02 17:02:57',NULL,'127.0.0.1','85510ED9E7395E5C73ACB06357943968');
INSERT INTO `do_log` VALUES ('2c90b18d2f1599fd012f1599fd770000','fxlr',NULL,'2011-04-02 17:45:04','2011-04-02 18:14:45','127.0.0.1','DF33FB1C2DDBD181FE8FE1127AC80D44');
INSERT INTO `do_log` VALUES ('2c90b1b02f0ab00f012f0ab00f360000','xw',NULL,'2011-03-31 14:53:21',NULL,'127.0.0.1','60AE32FC60081BE35B8B9BE86EE25EF4');
INSERT INTO `do_log` VALUES ('2c90b1b02f0ad016012f0ad0167d0000','xw',NULL,'2011-03-31 15:28:20',NULL,'127.0.0.1','D955AF208873EADF6A7E6EA511C13742');
INSERT INTO `do_log` VALUES ('2c90b1b02f0ae17d012f0ae17d820000','xw',NULL,'2011-03-31 15:47:20',NULL,'127.0.0.1','60BAD2F493180A3DD95B9596246D6EB4');
INSERT INTO `do_log` VALUES ('2c90b1b02f0af0f7012f0af0f7f80000','xw',NULL,'2011-03-31 16:04:15',NULL,'127.0.0.1','38DFA755382317C6292354325E88B40D');
INSERT INTO `do_log` VALUES ('2c90b1b02f0b3d65012f0b3d65e30000','xw',NULL,'2011-03-31 17:27:43',NULL,'127.0.0.1','646FB4A0DF017A5FD9D0C895D0191D4D');
INSERT INTO `do_log` VALUES ('2c90b1b02f0b3d65012f0b3d78cf0001','xw',NULL,'2011-03-31 17:27:48',NULL,'127.0.0.1','646FB4A0DF017A5FD9D0C895D0191D4D');
INSERT INTO `do_log` VALUES ('2c90b1b02f0b3efa012f0b3efabc0000','xw',NULL,'2011-03-31 17:29:27',NULL,'127.0.0.1','2444B2AFC7786421A327095C60CCFDF7');
INSERT INTO `do_log` VALUES ('2c90b1b02f0b4290012f0b4290660000','xw',NULL,'2011-03-31 17:33:22',NULL,'127.0.0.1','71C22D47AA0A230F5F945C3003222F58');
INSERT INTO `do_log` VALUES ('2c90b1b02f0b4b7e012f0b4b7e780000','xw',NULL,'2011-03-31 17:43:07','2011-03-31 18:47:09','127.0.0.1','9A9002D466FF9E899DA23C21599679BA');
INSERT INTO `do_log` VALUES ('2c90b1b02f0b4b7e012f0b8673da002b','u',NULL,'2011-03-31 18:47:31','2011-03-31 18:58:40','127.0.0.1','BB12569C47FF775B4A0E8198348253B5');
INSERT INTO `do_log` VALUES ('2c90b1cf2f00d190012f00d190dc0000','xw',NULL,'2011-03-29 16:53:44','2011-03-29 18:30:45','127.0.0.1','2C064D5D3AADA3075979DEB045325922');
INSERT INTO `do_log` VALUES ('2c90b1cf2f012f00012f012f003c0000','xw',NULL,'2011-03-29 18:35:48',NULL,'127.0.0.1','89008A4B36C3486567977E19ED9BAFAF');
INSERT INTO `do_log` VALUES ('2c90b1d92f0fbf05012f0fbf05480000','fxlr',NULL,'2011-04-01 14:27:47','2011-04-01 14:30:15','127.0.0.1','6E294BF23E4D22357A052C3BEBDDD26A');
INSERT INTO `do_log` VALUES ('2c90b1d92f0fbf05012f0fbf12a60001','a',NULL,'2011-04-01 14:27:51',NULL,'127.0.0.1','96E4CA320347B48DFB2A345FB1DD859E');
INSERT INTO `do_log` VALUES ('2c90b1d92f0fbf05012f0fc1686d0004','xtgl',NULL,'2011-04-01 14:30:24',NULL,'127.0.0.1','0E7473BCB03CF45B1B6D171C23917312');
INSERT INTO `do_log` VALUES ('2c90b1d92f0fc7af012f0fc7afba0000','a',NULL,'2011-04-01 14:37:15','2011-04-01 15:19:21','127.0.0.1','43EE50C31DBC33397BBB9F372CE965B7');
INSERT INTO `do_log` VALUES ('2c90b1d92f0fc7af012f0fcbcff0000a','xtgl',NULL,'2011-04-01 14:41:46','2011-04-01 15:00:33','127.0.0.1','57695A8D075A3B1A8887A69756239986');
INSERT INTO `do_log` VALUES ('2c90b1d92f0fc7af012f0fdd1eaa000f','fxlr',NULL,'2011-04-01 15:00:40','2011-04-01 15:02:54','127.0.0.1','63002F6E6023E114ED0DF149784DD75B');
INSERT INTO `do_log` VALUES ('2c90b1d92f0fc7af012f0fdf51780012','xtgl',NULL,'2011-04-01 15:03:04',NULL,'127.0.0.1','21AB0AF5A3C1CA174926801AF3DFF6E4');
INSERT INTO `do_log` VALUES ('2c90b1d92f0fc7af012f0fee61bb0015','a',NULL,'2011-04-01 15:19:31',NULL,'127.0.0.1','6859AF4D389598FE6DB296CA6E8F3243');
INSERT INTO `do_log` VALUES ('2c90b1d92f0ff6ab012f0ff6ab120000','a',NULL,'2011-04-01 15:28:34',NULL,'127.0.0.1','9E584064DC2B945BCAD62EF2B8E7A407');
INSERT INTO `do_log` VALUES ('2c90b1d92f0ffe00012f0ffe00a20000','a',NULL,'2011-04-01 15:36:35',NULL,'127.0.0.1','D9D7F9D7CAF5F2C18C0C2637311C2C1B');
INSERT INTO `do_log` VALUES ('2c90b1d92f0ffe00012f0fff06f60004','fxlr',NULL,'2011-04-01 15:37:42','2011-04-01 15:37:58','127.0.0.1','BA1EC463C1599A1190F321D0099EBADC');
INSERT INTO `do_log` VALUES ('2c90b1d92f0ffe00012f0fff72430007','xtgl',NULL,'2011-04-01 15:38:09','2011-04-01 15:38:26','127.0.0.1','033B045858364A5C9BA2166A34800484');
INSERT INTO `do_log` VALUES ('2c90b1d92f0ffe00012f0fffce0f000a','fxlr',NULL,'2011-04-01 15:38:33',NULL,'127.0.0.1','6D8E125FE572BDF29067A297A5A19757');
INSERT INTO `do_log` VALUES ('2c90b1d92f10067f012f10067f030000','xtgl',NULL,'2011-04-01 15:45:51',NULL,'127.0.0.1','9A2D314356A94B52B42B99B96A8CFC16');
INSERT INTO `do_log` VALUES ('2c90b1d92f10067f012f1007626d0001','fxlr',NULL,'2011-04-01 15:46:50','2011-04-01 16:18:37','127.0.0.1','074688B8233BA4269951941DD03A9539');
INSERT INTO `do_log` VALUES ('2c90b1d92f10067f012f10648a06006a','xtgl',NULL,'2011-04-01 17:28:35',NULL,'127.0.0.1','8D7DD269DC5926B0E1201B373032348E');
INSERT INTO `do_log` VALUES ('2c90b1d92f107d65012f107d652e0000','xtgl',NULL,'2011-04-01 17:55:44','2011-04-01 18:38:08','127.0.0.1','80ACA339802DA958FBC096CCAA852E28');
INSERT INTO `do_log` VALUES ('2c90b1d92f107d65012f108fa1840011','xtgl',NULL,'2011-04-01 18:15:39',NULL,'127.0.0.1','2D1328BD76F77743F8390E7A139FC8C4');
INSERT INTO `do_log` VALUES ('2c90b1d92f10a4ef012f10a4ef310000','a',NULL,'2011-04-01 18:38:55','2011-04-01 19:01:09','127.0.0.1','B61A6E794DBA5CF99EA0855E3C6DBF60');
INSERT INTO `do_log` VALUES ('2c90b1d92f10a4ef012f10a506ef0001','a',NULL,'2011-04-01 18:39:01','2011-04-01 19:01:09','127.0.0.1','B61A6E794DBA5CF99EA0855E3C6DBF60');
INSERT INTO `do_log` VALUES ('402880072ec6c705012ec6c705ab0000','a',NULL,'2011-03-18 10:24:15','2011-03-18 10:37:11','127.0.0.1','57BBCCD39626CB208ED9DBEABADB34ED');
INSERT INTO `do_log` VALUES ('402880072ec6c705012ec6d2f35501d1','a',NULL,'2011-03-18 10:37:17','2011-03-18 11:22:08','127.0.0.1','98C44BFBB992E31FA5C90E3C07041AB3');
INSERT INTO `do_log` VALUES ('402880072f13ebd4012f13ebd4360000','a',NULL,'2011-04-02 09:55:13','2011-04-02 10:07:34','127.0.0.1','B326DD9C8D6C83433BD029178673FDE5');
INSERT INTO `do_log` VALUES ('402880072f13ebd4012f13ec1d350001','xtgl',NULL,'2011-04-02 09:55:31','2011-04-02 10:07:34','127.0.0.1','B326DD9C8D6C83433BD029178673FDE5');
INSERT INTO `do_log` VALUES ('402880072f13ebd4012f13ed159f0002','jrlr',NULL,'2011-04-02 09:56:35','2011-04-02 10:01:19','127.0.0.1','7C69EB6CC332D45EA010AE1F8921DA0D');
INSERT INTO `do_log` VALUES ('402880072f13ebd4012f13f1bf390011','xtgl',NULL,'2011-04-02 10:01:40','2011-04-02 10:09:14','127.0.0.1','9DAF6FE39568F0F90BAD03B38E2C14F6');
INSERT INTO `do_log` VALUES ('402880072f13ebd4012f13f746ff0012','fxlr',NULL,'2011-04-02 10:07:43',NULL,'127.0.0.1','A499A7F6657DBA34A7E410FCDC659A1C');
INSERT INTO `do_log` VALUES ('402880072f13ebd4012f13f8c5a00013','fxlr',NULL,'2011-04-02 10:09:21','2011-04-02 10:49:34','127.0.0.1','51AE442CB9FEC110B9BCDCDB7FFC7B72');
INSERT INTO `do_log` VALUES ('402880072f13ebd4012f143364b50014','fxlr',NULL,'2011-04-02 11:13:23',NULL,'127.0.0.1','DE9A3652F71274DBA6CA68FB7D2EAF15');
INSERT INTO `do_log` VALUES ('402880072f13ebd4012f146265c90022','xtgl',NULL,'2011-04-02 12:04:43',NULL,'127.0.0.1','68673C9909E606D8D8909EB2426A0D07');
INSERT INTO `do_log` VALUES ('402880072f33217c012f33217c140000','fxlr',NULL,'2011-04-08 11:22:03','2011-04-08 12:34:06','127.0.0.1','CD66540E1F0C8D3FD77A9AEA5C1D61CA');
INSERT INTO `do_log` VALUES ('402880072f33217c012f337a3cc80015','fxlr',NULL,'2011-04-08 12:58:59',NULL,'127.0.0.1','7F7B3D812BC6299963E88D608A9F7354');
INSERT INTO `do_log` VALUES ('402880072f338f52012f338f521f0000','fxlr',NULL,'2011-04-08 13:22:01',NULL,'127.0.0.1','89614B4BA532457C2E279AAEE36308AF');
INSERT INTO `do_log` VALUES ('402880072f339262012f339262e90000','fxlr',NULL,'2011-04-08 13:25:22',NULL,'127.0.0.1','89614B4BA532457C2E279AAEE36308AF');
INSERT INTO `do_log` VALUES ('402880072f3399b1012f3399b1550000','fxlr',NULL,'2011-04-08 13:33:21',NULL,'127.0.0.1','040FD46B987120EE1BBCBA53A7713EE1');
INSERT INTO `do_log` VALUES ('402880072f33ba9b012f33ba9bb90000','a',NULL,'2011-04-08 14:09:18',NULL,'127.0.0.1','C5AB69C55586F53827F6FE3B95C22FD1');
INSERT INTO `do_log` VALUES ('402880072f33ba9b012f33bab8d60001','a',NULL,'2011-04-08 14:09:25',NULL,'127.0.0.1','C5AB69C55586F53827F6FE3B95C22FD1');
INSERT INTO `do_log` VALUES ('402880072f33ba9b012f33bc4ea90002','fxlr',NULL,'2011-04-08 14:11:09',NULL,'127.0.0.1','C5AB69C55586F53827F6FE3B95C22FD1');
INSERT INTO `do_log` VALUES ('402880072f33c169012f33c169e90000','fxlr',NULL,'2011-04-08 14:16:44',NULL,'127.0.0.1','834EB4467F4462F5ECAAC0D727C0B687');
INSERT INTO `do_log` VALUES ('402880072f33e5c7012f33e5c77b0000','fxlr',NULL,'2011-04-08 14:56:27','2011-04-08 15:27:31','127.0.0.1','63A22E449A41ADAE4247B6965768D284');
INSERT INTO `do_log` VALUES ('402881e82f32d5cd012f32d5cd720000','a',NULL,'2011-04-08 09:59:23','2011-04-08 10:31:16','127.0.0.1','86CF64AE394F505CDF2B7A2E56EAF223');
INSERT INTO `do_log` VALUES ('402881e82f32d5cd012f32f9b18e0001','a',NULL,'2011-04-08 10:38:35',NULL,'127.0.0.1','4ED53FBE74E0CFC86064AD1AA5C29878');
INSERT INTO `do_log` VALUES ('402881e82f32d5cd012f32ffddc10004','fxlr',NULL,'2011-04-08 10:45:19',NULL,'127.0.0.1','4ED53FBE74E0CFC86064AD1AA5C29878');
INSERT INTO `do_log` VALUES ('402881e82f331350012f331350f10000','fxlr',NULL,'2011-04-08 11:06:34',NULL,'127.0.0.1','83DD7CE867251A22792EBB5424E021C9');
INSERT INTO `do_log` VALUES ('402881e82f48bf46012f48bf46c60000','fxlr',NULL,'2011-04-12 16:06:25',NULL,'127.0.0.1','56CFED15B8C8E7B38B948CF3CA3B3703');
INSERT INTO `do_log` VALUES ('402881e82f48bf46012f48bfe9ec0001','a',NULL,'2011-04-12 16:07:07',NULL,'127.0.0.1','5D97DE84C559CAAADCCF8C9FFE13E632');
INSERT INTO `do_log` VALUES ('402881e82f48cca9012f48cca93a0000','fxlr',NULL,'2011-04-12 16:21:02',NULL,'127.0.0.1','72652499B7C46AF531B64378E7DD425C');
INSERT INTO `do_log` VALUES ('402881e82f48ee4c012f48ee4c6f0000','fxlr',NULL,'2011-04-12 16:57:47',NULL,'127.0.0.1','520CB80A36A9621FB1FD1D433207E559');
INSERT INTO `do_log` VALUES ('402881e82f48fea3012f48fea33b0000','fxlr',NULL,'2011-04-12 17:15:38',NULL,'127.0.0.1','2A514717DF6A5C1EB681085BC6324B97');
INSERT INTO `do_log` VALUES ('402881e82f4900c9012f4900c9f40000','fxlr',NULL,'2011-04-12 17:17:59',NULL,'127.0.0.1','B56A10D9071AE3D4A0B2A37593EA7014');
INSERT INTO `do_log` VALUES ('402881e82f4900c9012f4903f3a50001','fxlr',NULL,'2011-04-12 17:21:26',NULL,'127.0.0.1','B56A10D9071AE3D4A0B2A37593EA7014');
INSERT INTO `do_log` VALUES ('402881e82f56d7bc012f56d7bce30000','a',NULL,'2011-04-15 09:47:49',NULL,'127.0.0.1','B53A707997D9C94DEFFA317339C518D2');
INSERT INTO `do_log` VALUES ('402881e82f56d7bc012f56de07ba0001','xtgl',NULL,'2011-04-15 09:54:42',NULL,'127.0.0.1','F1E0C33FB0FD6026A42DA57E2D8EA46E');
INSERT INTO `do_log` VALUES ('402881e82f56d7bc012f56def72b0002','fxlr',NULL,'2011-04-15 09:55:43',NULL,'127.0.0.1','0AC309B4709EC9D533F578BF850A1F4F');
INSERT INTO `do_log` VALUES ('402881e82f571ef1012f571ef1570000','a',NULL,'2011-04-15 11:05:36',NULL,'127.0.0.1','BE799F17882296FB6B28B46D1BC09FDF');
INSERT INTO `do_log` VALUES ('402881e82f571ef1012f571f8dd60001','fxlr',NULL,'2011-04-15 11:06:16',NULL,'127.0.0.1','BE799F17882296FB6B28B46D1BC09FDF');
INSERT INTO `do_log` VALUES ('402881e82f572987012f572987da0000','fxlr',NULL,'2011-04-15 11:17:10',NULL,'127.0.0.1','82690E18961FD6BBE61E5C6B541E8ABC');
INSERT INTO `do_log` VALUES ('402881e82f572d81012f572d813f0000','fxlr',NULL,'2011-04-15 11:21:30',NULL,'127.0.0.1','B0D5FA872183B2AAA485E174EB8917F6');
INSERT INTO `do_log` VALUES ('402881e82f573258012f573258b00000','fxlr',NULL,'2011-04-15 11:26:48',NULL,'127.0.0.1','F2D4B67A0CD107AAC840F05FEAF25D54');
INSERT INTO `do_log` VALUES ('402881e82f573258012f57326e2c0001','fxlr',NULL,'2011-04-15 11:26:53',NULL,'127.0.0.1','F2D4B67A0CD107AAC840F05FEAF25D54');
INSERT INTO `do_log` VALUES ('402881e82f573bfc012f573bfc570000','fxlr',NULL,'2011-04-15 11:37:19',NULL,'127.0.0.1','C50B0539604754F7A6C270D6C535CE73');
INSERT INTO `do_log` VALUES ('402881e82f57401d012f57401db60000','fxlr',NULL,'2011-04-15 11:41:50',NULL,'127.0.0.1','2D0190F452CDF56C30D83BDF2E5E13E6');
INSERT INTO `do_log` VALUES ('402881e82f574215012f574215bd0000','fxlr',NULL,'2011-04-15 11:43:59','2011-04-15 12:02:03','127.0.0.1','804A087220AA9DF50F011B642AFB3940');
INSERT INTO `do_log` VALUES ('402881e82f5dfb23012f5dfb23f30000','fxlr',NULL,'2011-04-16 19:03:50',NULL,'127.0.0.1','D82B2730BC4442A6D1241D044F4ACC8E');
INSERT INTO `do_log` VALUES ('402881e82f5dfb23012f5dfc4d310003','xtgl',NULL,'2011-04-16 19:05:06',NULL,'127.0.0.1','2C4C3E467318784FB407198D31FC741A');
INSERT INTO `do_log` VALUES ('402881e82f664cff012f664cff9a0000','a',NULL,'2011-04-18 09:50:12',NULL,'127.0.0.1','F24C119D02DBB559E3539F8AD5C0EA36');
INSERT INTO `do_log` VALUES ('402881e82f664cff012f664d1ac30001','a',NULL,'2011-04-18 09:50:19',NULL,'127.0.0.1','F24C119D02DBB559E3539F8AD5C0EA36');
INSERT INTO `do_log` VALUES ('402881e82f664cff012f664d64110002','fxlr',NULL,'2011-04-18 09:50:38',NULL,'127.0.0.1','F24C119D02DBB559E3539F8AD5C0EA36');
INSERT INTO `do_log` VALUES ('402881e82f666231012f666231b00000','fxlr',NULL,'2011-04-18 10:13:22',NULL,'127.0.0.1','5AB536F7CC0B3BEB63D7B54F2CF0AC2D');
INSERT INTO `do_log` VALUES ('402881e82f666e81012f666e81ba0000','fxlr',NULL,'2011-04-18 10:26:48','2011-04-18 11:12:40','127.0.0.1','4E91A8160FFA9D6618B4836A2BCDA1B5');
INSERT INTO `do_log` VALUES ('402881e82f666e81012f66787ae40026','xtgl',NULL,'2011-04-18 10:37:42','2011-04-18 11:11:15','127.0.0.1','FF31BF9DC3A6916086269542E664E9EA');
INSERT INTO `do_log` VALUES ('402881e82f666e81012f66796e1d0027','fxlr',NULL,'2011-04-18 10:38:44',NULL,'127.0.0.1','3B7C41292BB061FE8A888276E4EF3A90');
INSERT INTO `do_log` VALUES ('402881e82f666e81012f669797ea0028','fxlr',NULL,'2011-04-18 11:11:41',NULL,'127.0.0.1','69758D97B9DEC73ABDB0B90DFF7A1DD5');
INSERT INTO `do_log` VALUES ('402881e82f666e81012f669935100029','a',NULL,'2011-04-18 11:13:27',NULL,'127.0.0.1','9F3B585B4E058DF6ADFED3ECE4403C61');
INSERT INTO `do_log` VALUES ('402881e82f666e81012f66995aa9002a','fxlr',NULL,'2011-04-18 11:13:36',NULL,'127.0.0.1','1365034DBE650964BD6588643A42D0A8');
INSERT INTO `do_log` VALUES ('402881e82f666e81012f669ebf56002b','fxlr',NULL,'2011-04-18 11:19:30',NULL,'127.0.0.1','837B65513B8094B8254DCD82170E42A2');
INSERT INTO `do_log` VALUES ('402881e82f666e81012f66a3895a002c','fxlr',NULL,'2011-04-18 11:24:44',NULL,'127.0.0.1','FACB83ECA9E0DC68BB03487931747DAD');
INSERT INTO `do_log` VALUES ('402881e82f666e81012f66a4f7fd002d','fxlr',NULL,'2011-04-18 11:26:18',NULL,'127.0.0.1','46001C78A049500B9B5B172205470A18');
INSERT INTO `do_log` VALUES ('402881e82f66addd012f66adddf10000','fxlr',NULL,'2011-04-18 11:36:01','2011-04-18 12:47:13','127.0.0.1','B8BA6C0EFAE2D8D6F9D3FC6B10868E75');
INSERT INTO `do_log` VALUES ('402881e82f66addd012f66c2a3530001','fxlr',NULL,'2011-04-18 11:58:42','2011-04-18 12:36:08','127.0.0.1','DD40CF21EB3932AEB50BB2D96969E9D0');
INSERT INTO `do_log` VALUES ('402881e82f66addd012f66c485610002','fxlr',NULL,'2011-04-18 12:00:45','2011-04-18 12:47:13','127.0.0.1','B8BA6C0EFAE2D8D6F9D3FC6B10868E75');
INSERT INTO `do_log` VALUES ('402881e82f66addd012f66cce4440003','fxlr',NULL,'2011-04-18 12:09:54','2011-04-18 12:46:13','192.168.1.103','35711EC6A102129A9CAA0AE6BAB7AD73');
INSERT INTO `do_log` VALUES ('402881e82f66addd012f67118e640004','fxlr',NULL,'2011-04-18 13:24:54',NULL,'127.0.0.1','C31F02A6C11F36975936B5878C0E000E');
INSERT INTO `do_log` VALUES ('402881e82f66addd012f671593520005','xtgl',NULL,'2011-04-18 13:29:17','2011-04-18 14:34:12','127.0.0.1','C5D64FDF24E593586BA15CEBD0D12051');
INSERT INTO `do_log` VALUES ('402881e82f66addd012f671ff3340006','fxlr',NULL,'2011-04-18 13:40:37',NULL,'127.0.0.1','C31F02A6C11F36975936B5878C0E000E');
INSERT INTO `do_log` VALUES ('402881e82f66addd012f6751adeb0007','xtgl',NULL,'2011-04-18 14:34:56','2011-04-18 15:23:40','127.0.0.1','34551FC45B8F5085F65288979BEBB553');
INSERT INTO `do_log` VALUES ('402881e82f66addd012f6761fbbf0008','fxlr',NULL,'2011-04-18 14:52:45','2011-04-18 15:23:40','127.0.0.1','34551FC45B8F5085F65288979BEBB553');
INSERT INTO `do_log` VALUES ('402881e82f679964012f679964ae0000','a',NULL,'2011-04-18 15:53:16',NULL,'127.0.0.1','3623F51B3E82DA011CCB6D40D4A31605');
INSERT INTO `do_log` VALUES ('402881e82f67a848012f67a848440000','a',NULL,'2011-04-18 16:09:32','2011-04-18 16:10:38','127.0.0.1','456858A9C0D989B85D5A26143A523D74');
INSERT INTO `do_log` VALUES ('402881e82f67a848012f67a87a120001','fxlr',NULL,'2011-04-18 16:09:45','2011-04-18 16:10:38','127.0.0.1','456858A9C0D989B85D5A26143A523D74');
INSERT INTO `do_log` VALUES ('402881e82f67a848012f67a976250002','fxlr',NULL,'2011-04-18 16:10:49','2011-04-18 17:38:09','127.0.0.1','12C35ED5F1B4287BE3D206C547DD530F');
INSERT INTO `do_log` VALUES ('402881e82f67a848012f67cf9acb0003','fxlr',NULL,'2011-04-18 16:52:29','2011-04-18 17:53:17','127.0.0.1','AA116B746473525C98F2CAA6F48E6FDF');
INSERT INTO `do_log` VALUES ('402881e82f67a848012f67ec5ebf0004','fxlr',NULL,'2011-04-18 17:23:54','2011-04-18 17:57:20','127.0.0.1','B750A9FF94C62D1E9E8D74B5A74B7594');
INSERT INTO `do_log` VALUES ('402881e82f67a848012f67ef4ea30005','fxlr',NULL,'2011-04-18 17:27:07','2011-04-18 18:04:23','127.0.0.1','96E23B9B3E18C617EA9777C3F5AF6983');
INSERT INTO `do_log` VALUES ('402881e82f67a848012f67f62c250006','fxlr',NULL,'2011-04-18 17:34:37','2011-04-18 18:56:53','127.0.0.1','8153F9BC6F07952F035599B4837569AC');
INSERT INTO `do_log` VALUES ('402881e82f67a848012f6883283f0007','fxlr',NULL,'2011-04-18 20:08:36',NULL,'127.0.0.1','51A85C57BD81F4BA9CA1A04E7EEC2E13');
INSERT INTO `do_log` VALUES ('402881e82f6b7738012f6b7738400000','fxlr',NULL,'2011-04-19 09:54:26',NULL,'127.0.0.1','8D0B91DFA021683BBD337E8B0C7FDC43');
INSERT INTO `do_log` VALUES ('402881e82f6b7738012f6b7929420001','a',NULL,'2011-04-19 09:56:33',NULL,'127.0.0.1','A10000C3F2D1AA39AC0E7F5B35118EF4');
INSERT INTO `do_log` VALUES ('402881e82f6b8065012f6b8065200000','a',NULL,'2011-04-19 10:04:27',NULL,'127.0.0.1','08D0A5CD31E526F2AB2D8DF2BCE0B3E7');
INSERT INTO `do_log` VALUES ('402881e82f6b8065012f6b80978b0001','fxlr',NULL,'2011-04-19 10:04:40',NULL,'127.0.0.1','EDE539346985C691B10F12B6766D46FB');
INSERT INTO `do_log` VALUES ('402881e82f6b8efa012f6b8efaa60000','fxlr',NULL,'2011-04-19 10:20:23',NULL,'127.0.0.1','3D8B1BECE3EA59CA7A5D94BB04345BA0');
INSERT INTO `do_log` VALUES ('402881e82f6b8efa012f6bc418000001','fxlr',NULL,'2011-04-19 11:18:24',NULL,'127.0.0.1','FE21E8C008C4D44EF4C009B1E379FBB4');
INSERT INTO `do_log` VALUES ('402881e82f6bca60012f6bca60460000','fxlr',NULL,'2011-04-19 11:25:15',NULL,'127.0.0.1','C684B12263B4C4A52C94721E82316545');
INSERT INTO `do_log` VALUES ('402881e82f6bcce6012f6bcce6740000','fxlr',NULL,'2011-04-19 11:28:01','2011-04-19 12:08:13','127.0.0.1','3A6953439DC3603D41499870346FFCAA');
INSERT INTO `do_log` VALUES ('402881e82f6bcce6012f6bcd3bb80001','a',NULL,'2011-04-19 11:28:22','2011-04-19 12:30:37','127.0.0.1','F54DB674EB1A3EA83C69AF4534DD6A4B');
INSERT INTO `do_log` VALUES ('402881e82f6bcce6012f6bd679620013','fxlr',NULL,'2011-04-19 11:38:28','2011-04-19 12:25:31','127.0.0.1','C78EE01D02976DF36D0A8C63EF9083CC');
INSERT INTO `do_log` VALUES ('402881e82f6bcce6012f6bdedecc0017','xtgl',NULL,'2011-04-19 11:47:38','2011-04-19 12:34:41','127.0.0.1','812FB4C9D0B41E042A68B4248B19D970');
INSERT INTO `do_log` VALUES ('402881e82f6bcce6012f6bdf76970018','xtgl',NULL,'2011-04-19 11:48:17','2011-04-19 12:30:37','127.0.0.1','F54DB674EB1A3EA83C69AF4534DD6A4B');
INSERT INTO `do_log` VALUES ('402881e82f6bcce6012f6be9eb0b0021','zcfz',NULL,'2011-04-19 11:59:42','2011-04-19 12:30:37','127.0.0.1','C060B457803431EDB345EF4DD368E3CD');
INSERT INTO `do_log` VALUES ('402881e82f6bcce6012f6c2f38600024','xtgl',NULL,'2011-04-19 13:15:24',NULL,'127.0.0.1','4D0F1A05495611095EF83804071CBFAC');
INSERT INTO `do_log` VALUES ('402881e82f6c3cf4012f6c3cf4bc0000','xtgl',NULL,'2011-04-19 13:30:24',NULL,'127.0.0.1','D95D2BF33E0903CF32C93BB89B23478E');
INSERT INTO `do_log` VALUES ('402881e82f6c3cf4012f6c3deaa50001','xtgl',NULL,'2011-04-19 13:31:27',NULL,'127.0.0.1','7F2FC0E49D274B121765CD036C706BE7');
INSERT INTO `do_log` VALUES ('402881e82f6cd720012f6cd720a10000','xtgl',NULL,'2011-04-19 16:18:48',NULL,'127.0.0.1','2DF05585042232A37A01E3FA0228387C');
INSERT INTO `do_log` VALUES ('402881e82f6cd720012f6cd7368a0001','xtgl',NULL,'2011-04-19 16:18:54',NULL,'127.0.0.1','2DF05585042232A37A01E3FA0228387C');
INSERT INTO `do_log` VALUES ('402881e82f6cdde7012f6cdde79d0000','fxlr',NULL,'2011-04-19 16:26:12',NULL,'127.0.0.1','EA7FAB3B682B0602035DB15943E35A2A');
INSERT INTO `do_log` VALUES ('402881e82f6cdde7012f6cdeafcf0001','xtgl',NULL,'2011-04-19 16:27:04',NULL,'127.0.0.1','9B2F53F00E4CCF38F257BB48711E671D');
INSERT INTO `do_log` VALUES ('402881e82f6cdde7012f6ce108b30002','xtgl',NULL,'2011-04-19 16:29:37',NULL,'127.0.0.1','EA7FAB3B682B0602035DB15943E35A2A');
INSERT INTO `do_log` VALUES ('402881e82f6ce356012f6ce356d90000','a',NULL,'2011-04-19 16:32:08',NULL,'127.0.0.1','384B6EB91A45A0E6F15903C22CEA4097');
INSERT INTO `do_log` VALUES ('402881e82f6ce356012f6ce3f2fa0001','fxlr',NULL,'2011-04-19 16:32:48',NULL,'127.0.0.1','384B6EB91A45A0E6F15903C22CEA4097');
INSERT INTO `do_log` VALUES ('402881e82f6ce356012f6ce897650002','fxlr',NULL,'2011-04-19 16:37:53','2011-04-19 17:18:03','127.0.0.1','D90F94D58B0026AE5962EB39A5FF5A29');
INSERT INTO `do_log` VALUES ('402881e82f6ce356012f6cea48510003','fxlr',NULL,'2011-04-19 16:39:43',NULL,'127.0.0.1','5F2F1F78401B53392D7C1929D6580644');
INSERT INTO `do_log` VALUES ('402881e82f6ce356012f6cff92b20004','fxlr',NULL,'2011-04-19 17:02:59',NULL,'127.0.0.1','5F2F1F78401B53392D7C1929D6580644');
INSERT INTO `do_log` VALUES ('402881e82f6ce356012f6d16c79d000d','xtgl',NULL,'2011-04-19 17:28:20',NULL,'127.0.0.1','5F2F1F78401B53392D7C1929D6580644');
INSERT INTO `do_log` VALUES ('402881e82f6ce356012f6d259a69000f','xtgl',NULL,'2011-04-19 17:44:31',NULL,'127.0.0.1','384B6EB91A45A0E6F15903C22CEA4097');
INSERT INTO `do_log` VALUES ('402881e82f6d26a3012f6d26a36d0000','xtgl',NULL,'2011-04-19 17:45:39','2011-04-19 18:13:11','127.0.0.1','852DBDD7DE97B083A7F636ED57034951');
INSERT INTO `do_log` VALUES ('402881e82f6d26a3012f6d2d33c90001','fxlr',NULL,'2011-04-19 17:52:49',NULL,'127.0.0.1','8FC66DC039B1813B0138C6554F1F2278');
INSERT INTO `do_log` VALUES ('402881e92f3e2e0a012f3e2e0a2f0000','a',NULL,'2011-04-10 14:51:35','2011-04-10 15:42:28','127.0.0.1','D5B0A54CFFBED8D01C1AFA8B1CDE1397');
INSERT INTO `do_log` VALUES ('402881e92f3e2e0a012f3e2e35270001','fxlr',NULL,'2011-04-10 14:51:46','2011-04-10 15:42:28','127.0.0.1','D5B0A54CFFBED8D01C1AFA8B1CDE1397');
INSERT INTO `do_log` VALUES ('402881e92f3e2e0a012f3e332f240002','fxlr',NULL,'2011-04-10 14:57:12','2011-04-10 15:56:37','127.0.0.1','E6879206CF934512CF7375935A963238');
INSERT INTO `do_log` VALUES ('402881e92f3e2e0a012f3e40e90e0003','fxlr',NULL,'2011-04-10 15:12:12','2011-04-10 15:48:32','127.0.0.1','56549D35EA4826CC8C87187AC169D9C0');
INSERT INTO `do_log` VALUES ('402881e92f3e2e0a012f3e45d58e0004','a',NULL,'2011-04-10 15:17:34','2011-04-10 15:48:32','127.0.0.1','56549D35EA4826CC8C87187AC169D9C0');
INSERT INTO `do_log` VALUES ('402881e92f3e2e0a012f3e4dfca70005','fxlr',NULL,'2011-04-10 15:26:29','2011-04-10 15:58:38','127.0.0.1','7E4E3997FF894AA87331A4DC7A7CF3C5');
INSERT INTO `do_log` VALUES ('402881e92f3e2e0a012f3e9a59f80006','fxlr',NULL,'2011-04-10 16:49:53',NULL,'127.0.0.1','C8D700BF044AC68185199D3F773A648A');
INSERT INTO `do_log` VALUES ('402881e92f3e2e0a012f3e9ac6bc0007','fxlr',NULL,'2011-04-10 16:50:21','2011-04-10 17:25:27','127.0.0.1','B2CFE434A061C61B849CBB7A61FFA433');
INSERT INTO `do_log` VALUES ('402881e92f3e2e0a012f3ebc293e0008','fxlr',NULL,'2011-04-10 17:26:49',NULL,'127.0.0.1','F5398E33EE9D80B17B11FF29F597AD44');
INSERT INTO `do_log` VALUES ('402881e92f3ec610012f3ec610180000','fxlr',NULL,'2011-04-10 17:37:38',NULL,'127.0.0.1','FB645F98A91547A281A7E9F9E8B52267');
INSERT INTO `do_log` VALUES ('402881e92f424241012f424241280000','a',NULL,'2011-04-11 09:52:09',NULL,'127.0.0.1','294BD04A04233D19902A9C47ECE8372B');
INSERT INTO `do_log` VALUES ('402881e92f424241012f4242a0cc0001','fxlr',NULL,'2011-04-11 09:52:33',NULL,'127.0.0.1','0CB2E4EA04A571504FA62798677D6C04');
INSERT INTO `do_log` VALUES ('402881e92f424241012f4242bc050002','a',NULL,'2011-04-11 09:52:40',NULL,'127.0.0.1','7E3DD761A0206DC92904284A5FFC44DC');
INSERT INTO `do_log` VALUES ('402881e92f425c35012f425c35a00000','a',NULL,'2011-04-11 10:20:30',NULL,'127.0.0.1','84D30B157566198D993B5B3A8D8102A2');
INSERT INTO `do_log` VALUES ('402881e92f425c35012f425c5e370001','fxlr',NULL,'2011-04-11 10:20:40',NULL,'127.0.0.1','78FFE341BA46555B99CFA737F35B6ED8');
INSERT INTO `do_log` VALUES ('402881e92f4268cf012f4268cfd20000','a',NULL,'2011-04-11 10:34:15','2011-04-11 11:04:39','127.0.0.1','63F8FBF95A54A2E71121CF231A6B2012');
INSERT INTO `do_log` VALUES ('402881e92f4268cf012f42690f6b0001','fxlr',NULL,'2011-04-11 10:34:32','2011-04-11 11:05:39','127.0.0.1','3A28047F483D07C91E39CD62DF2587CA');
INSERT INTO `do_log` VALUES ('402881e92f42b0c1012f42b0c1ab0000','fxlr',NULL,'2011-04-11 11:52:50',NULL,'127.0.0.1','1E3159C9A4761C3D1DC3BE42CDFB192B');
INSERT INTO `do_log` VALUES ('402881e92f43708a012f43708a2a0000','fxlr',NULL,'2011-04-11 15:22:19','2011-04-11 15:59:07','127.0.0.1','10DFA198B08B8EFC0A52D7FCD95D8FCC');
INSERT INTO `do_log` VALUES ('402881e92f43708a012f4377a4960001','fxlr',NULL,'2011-04-11 15:30:05','2011-04-11 16:48:43','127.0.0.1','BFB58C2CED290B45FE883D56277AD2E3');
INSERT INTO `do_log` VALUES ('402881e92f43708a012f437c67940006','a',NULL,'2011-04-11 15:35:17','2011-04-11 16:51:45','127.0.0.1','175356B271FD96C25BB8153EC43BD2C4');
INSERT INTO `do_log` VALUES ('402881e92f43708a012f43a585850041','fxlr',NULL,'2011-04-11 16:20:11',NULL,'127.0.0.1','5BD0C077BA8F56BCBE657741264EFB11');
INSERT INTO `do_log` VALUES ('402881e92f43fe48012f43fe48c90000','fxlr',NULL,'2011-04-11 17:57:08',NULL,'127.0.0.1','F97A46649CC76782F0ACA80CE42FBD71');
INSERT INTO `do_log` VALUES ('402881e92f446b23012f446b23f90000','fxlr',NULL,'2011-04-11 19:56:02',NULL,'127.0.0.1','AC8D173DDEFD6B5DCA43336748ED5988');
INSERT INTO `do_log` VALUES ('434cd50a2edc9092012edc9092e60000','a',NULL,'2011-03-22 15:56:25',NULL,'127.0.0.1','093166EC770843C88AB4EC754021E087');
INSERT INTO `do_log` VALUES ('434cd50a2ee69f50012ee69f50f10000','xw',NULL,'2011-03-24 14:48:44',NULL,'127.0.0.1','9CB96000B0A817C88F84855013B7CE1D');
INSERT INTO `do_log` VALUES ('434cd50a2ee7390d012ee7390d9f0000','xw',NULL,'2011-03-24 17:36:39',NULL,'127.0.0.1','20949EC08F1850A967D2086F7CC77417');
INSERT INTO `do_log` VALUES ('434cd50a2ee74484012ee74484cc0000','xw',NULL,'2011-03-24 17:49:10',NULL,'127.0.0.1','2D95AF3F59DDEB40E9F4697F39B375E5');
INSERT INTO `do_log` VALUES ('434cd50a2ee748ea012ee748ea6c0000','xw',NULL,'2011-03-24 17:53:58',NULL,'127.0.0.1','8CEF996BB4C4606B22BAAE52149115FB');
INSERT INTO `do_log` VALUES ('434cd50a2ee74d26012ee74d263d0000','xw',NULL,'2011-03-24 17:58:36',NULL,'127.0.0.1','7DFCC4371463AF66BF2E89F554E411B9');
INSERT INTO `do_log` VALUES ('434cd50a2ee75740012ee75740b80000','xw',NULL,'2011-03-24 18:09:38',NULL,'127.0.0.1','70EB79883125A659A75E74280E0861A9');
INSERT INTO `do_log` VALUES ('434cd50a2ee76059012ee760597b0000','xw',NULL,'2011-03-24 18:19:34',NULL,'127.0.0.1','AB4D3D942EB9879025ED044240CDF01D');
INSERT INTO `do_log` VALUES ('434cd50a2ee76e89012ee76e89ec0000','xw',NULL,'2011-03-24 18:35:04',NULL,'127.0.0.1','0A63AD14A706152A027055AD3057FF5D');
INSERT INTO `do_log` VALUES ('434cd50a2ee77c97012ee77c97400000','xw',NULL,'2011-03-24 18:50:25','2011-03-24 18:58:08','127.0.0.1','757B74C86C7EDD25B552B3B1A9A41A7F');
INSERT INTO `do_log` VALUES ('434cd50a2ee77c97012ee78424d40001','xw',NULL,'2011-03-24 18:58:40',NULL,'127.0.0.1','84DD941BD6728FF8E25A37F7B67773B0');
INSERT INTO `do_log` VALUES ('434cd50a2ee77c97012ee7861cfc0002','a',NULL,'2011-03-24 19:00:49','2011-03-24 19:03:54','127.0.0.1','C8F6A85C3C622AE0241E59CA197971A5');
INSERT INTO `do_log` VALUES ('ff8080812eeac644012eeac644690000','xw',NULL,'2011-03-25 10:09:45','2011-03-25 10:51:16','127.0.0.1','B278DFB25C0C08F3A176504246EF3FC2');
INSERT INTO `do_log` VALUES ('ff8080812eeac644012eeac8d4890001','xw',NULL,'2011-03-25 10:12:33','2011-03-25 10:46:28','127.0.0.1','6142C74A68EBD39287284E317A577957');
INSERT INTO `do_log` VALUES ('ff8080812eeac644012eeaec671b000e','hz',NULL,'2011-03-25 10:51:24','2011-03-25 10:51:38','127.0.0.1','44F5E6F5DF0A9E3E422780BF08A5DE64');
INSERT INTO `do_log` VALUES ('ff8080812eeac644012eeaecc59c000f','u',NULL,'2011-03-25 10:51:49','2011-03-25 10:52:19','127.0.0.1','C030C1638161E37B7CE1FFC5C6A024D7');
INSERT INTO `do_log` VALUES ('ff8080812eeac644012eeaed5eac0010','hz',NULL,'2011-03-25 10:52:28','2011-03-25 11:25:57','127.0.0.1','8E904816BBB42D5C29E38D8D62A90851');
INSERT INTO `do_log` VALUES ('ff8080812eeac644012eeaeda3380011','a',NULL,'2011-03-25 10:52:45','2011-03-25 11:23:30','127.0.0.1','8888EC234AF9981768A26EF9B5E42089');
INSERT INTO `do_log` VALUES ('ff8080812eeac644012eeb0c308f0012','xw',NULL,'2011-03-25 11:26:08','2011-03-25 12:04:04','127.0.0.1','8095F45BC3E765ECEE3C26301CA200AC');
INSERT INTO `do_log` VALUES ('ff8080812f6c627d012f6c627d220000','fxlr',NULL,'2011-04-19 14:11:24','2011-04-19 14:57:32','127.0.0.1','7E7872FC3D7FF750CE4EAB395755C1A3');
INSERT INTO `do_log` VALUES ('ff8080812f6c627d012f6c72288c0025','fxlr',NULL,'2011-04-19 14:28:31',NULL,'127.0.0.1','EF19F5D64C004AB52B8AFA9AB7DA8958');
INSERT INTO `do_log` VALUES ('ff8080812f6c627d012f6c8f14a90028','fxlr',NULL,'2011-04-19 15:00:06',NULL,'127.0.0.1','54352CCF61165AFB1774A2B6DE104EC6');
INSERT INTO `do_log` VALUES ('ff8080812f6c9197012f6c91974c0000','fxlr',NULL,'2011-04-19 15:02:51',NULL,'127.0.0.1','B286068868D3881CDA16E6B24BED51DB');
INSERT INTO `do_log` VALUES ('ff8080812f6c9197012f6c9758a00019','fxlr',NULL,'2011-04-19 15:09:08',NULL,'127.0.0.1','FCFD2BFC981446E68BB1AB1B89ED6D41');
INSERT INTO `do_log` VALUES ('ff8080812f6c9197012f6c9ab73c002b','fxlr',NULL,'2011-04-19 15:12:49',NULL,'127.0.0.1','B286068868D3881CDA16E6B24BED51DB');
INSERT INTO `do_log` VALUES ('ff8080812f6c9197012f6c9c9718002f','xtgl',NULL,'2011-04-19 15:14:52',NULL,'127.0.0.1','08B855D8B4BF502BCD73B864A2FF4435');
INSERT INTO `do_log` VALUES ('ff8080812f6c9197012f6ca3a5010043','zcfz',NULL,'2011-04-19 15:22:34',NULL,'127.0.0.1','EDED8421531DA0A07FAAE5AD3B7D3A2F');
/*!40000 ALTER TABLE `do_log` ENABLE KEYS */;
UNLOCK TABLES;

#
# Source for table do_log_data
#

DROP TABLE IF EXISTS `do_log_data`;
CREATE TABLE `do_log_data` (
  `OBJUID` varchar(32) NOT NULL DEFAULT '',
  `TABLE_NAME` varchar(100) DEFAULT NULL,
  `COL_NAME` varchar(100) DEFAULT NULL,
  `WHO_UID` varchar(32) DEFAULT NULL,
  `BO_UID` varchar(32) DEFAULT NULL,
  `COL_UID` varchar(32) DEFAULT NULL,
  `OPER_TYPE` varchar(50) DEFAULT NULL,
  `OPER_DATA` varchar(100) DEFAULT NULL,
  `OPER_TIME` datetime DEFAULT NULL,
  `OPER_DATA_UID` varchar(32) DEFAULT NULL,
  `OPER_PANE_UID` varchar(32) DEFAULT NULL,
  `OLD_VALUE` varchar(2000) DEFAULT NULL,
  `NEW_VALUE` varchar(2000) DEFAULT NULL,
  PRIMARY KEY (`OBJUID`)
) ENGINE=MyISAM DEFAULT CHARSET=utf8;

#
# Dumping data for table do_log_data
#

LOCK TABLES `do_log_data` WRITE;
/*!40000 ALTER TABLE `do_log_data` DISABLE KEYS */;
/*!40000 ALTER TABLE `do_log_data` ENABLE KEYS */;
UNLOCK TABLES;

#
# Source for table do_org_dept
#

DROP TABLE IF EXISTS `do_org_dept`;
CREATE TABLE `do_org_dept` (
  `objUid` varchar(32) NOT NULL,
  `dept_code` varchar(50) DEFAULT NULL,
  `name` varchar(50) DEFAULT NULL,
  `leader` varchar(32) DEFAULT NULL,
  `type` int(11) DEFAULT NULL,
  `order_num` int(11) DEFAULT NULL,
  `location` varchar(100) DEFAULT NULL,
  `tel` varchar(20) DEFAULT NULL,
  `parentUid` varchar(32) DEFAULT NULL,
  `note` varchar(255) DEFAULT NULL,
  PRIMARY KEY (`objUid`)
) ENGINE=MyISAM DEFAULT CHARSET=utf8;

#
# Dumping data for table do_org_dept
#

LOCK TABLES `do_org_dept` WRITE;
/*!40000 ALTER TABLE `do_org_dept` DISABLE KEYS */;
INSERT INTO `do_org_dept` VALUES ('2c90b1b02f0b4b7e012f0b87e83b002c','fengxianbm','风险部',NULL,NULL,NULL,NULL,NULL,NULL,NULL);
INSERT INTO `do_org_dept` VALUES ('2c90b1b02f0b4b7e012f0b88437a002d','fawubm','法务部',NULL,NULL,NULL,NULL,NULL,NULL,NULL);
INSERT INTO `do_org_dept` VALUES ('2c90b1b02f0b4b7e012f0b88e1dd002e','jinrongshichangbm','金融市场部',NULL,NULL,NULL,NULL,NULL,NULL,NULL);
INSERT INTO `do_org_dept` VALUES ('2c90b1b02f0b4b7e012f0b8934cf002f','zichanguanlibm','资产管理部',NULL,NULL,NULL,NULL,NULL,NULL,NULL);
INSERT INTO `do_org_dept` VALUES ('2c90b1b02f0b4b7e012f0b89b1230030','hangkongbm','航空部',NULL,NULL,NULL,NULL,NULL,NULL,NULL);
INSERT INTO `do_org_dept` VALUES ('2c90b1b02f0b4b7e012f0b89f4470031','hangyunbm','航运部',NULL,NULL,NULL,NULL,NULL,NULL,NULL);
INSERT INTO `do_org_dept` VALUES ('2c90b1b02f0b4b7e012f0b8a2ecf0032','budongchanbm','不动产部',NULL,NULL,NULL,NULL,NULL,NULL,NULL);
INSERT INTO `do_org_dept` VALUES ('2c90b1b02f0b4b7e012f0b8b04300033','rongzizulinbm','融资租赁部',NULL,NULL,NULL,NULL,NULL,NULL,NULL);
INSERT INTO `do_org_dept` VALUES ('2c90b1b02f0b4b7e012f0b8b64130034','zhongxiaoqiyebm','中小企业部',NULL,NULL,NULL,NULL,NULL,NULL,NULL);
INSERT INTO `do_org_dept` VALUES ('4028803127b6f15a0127b7294a7a0004','pingtaibumen','平台部门','40288031278ed91501278ed915b30000',2,NULL,NULL,NULL,NULL,NULL);
/*!40000 ALTER TABLE `do_org_dept` ENABLE KEYS */;
UNLOCK TABLES;

#
# Source for table do_org_role
#

DROP TABLE IF EXISTS `do_org_role`;
CREATE TABLE `do_org_role` (
  `objUid` varchar(32) NOT NULL,
  `name` varchar(50) DEFAULT NULL,
  `roleId` varchar(50) DEFAULT NULL,
  `parentUid` bigint(20) DEFAULT NULL,
  `degree` int(11) DEFAULT NULL,
  `description` text,
  `creator` varchar(255) DEFAULT NULL,
  `creatDate` datetime DEFAULT NULL,
  `modifier` varchar(255) DEFAULT NULL,
  `modifyDate` datetime DEFAULT NULL,
  `mVersion` varchar(50) DEFAULT NULL,
  PRIMARY KEY (`objUid`)
) ENGINE=MyISAM DEFAULT CHARSET=utf8;

#
# Dumping data for table do_org_role
#

LOCK TABLES `do_org_role` WRITE;
/*!40000 ALTER TABLE `do_org_role` DISABLE KEYS */;
INSERT INTO `do_org_role` VALUES ('4028803127b6f15a0127b725c6930003','普通员工','putongyuangong',NULL,1,'普通员工',NULL,NULL,NULL,NULL,NULL);
INSERT INTO `do_org_role` VALUES ('40288031287fd27f01287fa563bc1004','系统录入员','xitonglry',NULL,NULL,'系统录入员',NULL,NULL,NULL,NULL,NULL);
INSERT INTO `do_org_role` VALUES ('40288031287fd27f01287fdb80af0001','资产管理部负责人','zichanglbmfzr',NULL,NULL,'资产管理部负责人',NULL,NULL,NULL,NULL,NULL);
INSERT INTO `do_org_role` VALUES ('40288031287fd27f01287fdc70100003','部门经理','bmjingli',NULL,NULL,'公司高管-部门经理',NULL,NULL,NULL,NULL,NULL);
INSERT INTO `do_org_role` VALUES ('40288031287fd27f01287fe800210010','总经理','zongjingli',NULL,NULL,'公司高管-总经理',NULL,NULL,NULL,NULL,NULL);
INSERT INTO `do_org_role` VALUES ('40288031287fd27f01287fe80c5a0009','系统管理员（资产档案管理员）','xitonggly',NULL,NULL,'系统管理员（资产档案管理员）',NULL,NULL,NULL,NULL,NULL);
INSERT INTO `do_org_role` VALUES ('40288031288a2b8501288a3d009d000d','平台系统管理员','system_manager',NULL,NULL,'平台系统管理员',NULL,NULL,NULL,NULL,NULL);
/*!40000 ALTER TABLE `do_org_role` ENABLE KEYS */;
UNLOCK TABLES;

#
# Source for table do_org_role_conflict
#

DROP TABLE IF EXISTS `do_org_role_conflict`;
CREATE TABLE `do_org_role_conflict` (
  `objUid` varchar(32) NOT NULL DEFAULT '',
  `roleUid` varchar(32) DEFAULT NULL,
  `roleConflictUid` varchar(32) DEFAULT NULL,
  `staticType` char(1) DEFAULT NULL,
  `creator` varchar(255) DEFAULT NULL,
  `creatDate` datetime DEFAULT NULL,
  `modifier` varchar(255) DEFAULT NULL,
  `modifyDate` datetime DEFAULT NULL,
  `mVersion` varchar(50) DEFAULT NULL,
  PRIMARY KEY (`objUid`)
) ENGINE=MyISAM DEFAULT CHARSET=utf8 ROW_FORMAT=FIXED;

#
# Dumping data for table do_org_role_conflict
#

LOCK TABLES `do_org_role_conflict` WRITE;
/*!40000 ALTER TABLE `do_org_role_conflict` DISABLE KEYS */;
/*!40000 ALTER TABLE `do_org_role_conflict` ENABLE KEYS */;
UNLOCK TABLES;

#
# Source for table do_org_timespan
#

DROP TABLE IF EXISTS `do_org_timespan`;
CREATE TABLE `do_org_timespan` (
  `objUid` varchar(50) NOT NULL,
  `name` varchar(50) DEFAULT NULL,
  `beginTime` datetime DEFAULT NULL,
  `endTime` datetime DEFAULT NULL,
  `creator` varchar(255) DEFAULT NULL,
  `creatDate` datetime DEFAULT NULL,
  `modifier` varchar(255) DEFAULT NULL,
  `modifyDate` datetime DEFAULT NULL,
  `mVersion` varchar(50) DEFAULT NULL,
  PRIMARY KEY (`objUid`)
) ENGINE=MyISAM DEFAULT CHARSET=utf8;

#
# Dumping data for table do_org_timespan
#

LOCK TABLES `do_org_timespan` WRITE;
/*!40000 ALTER TABLE `do_org_timespan` DISABLE KEYS */;
/*!40000 ALTER TABLE `do_org_timespan` ENABLE KEYS */;
UNLOCK TABLES;

#
# Source for table do_org_user
#

DROP TABLE IF EXISTS `do_org_user`;
CREATE TABLE `do_org_user` (
  `objuid` varchar(32) NOT NULL,
  `name` varchar(50) DEFAULT NULL,
  `user_code` varchar(255) DEFAULT NULL,
  `password` varchar(50) DEFAULT NULL,
  `deptuid` varchar(255) DEFAULT NULL,
  `gender` char(1) DEFAULT NULL,
  `birthday` datetime DEFAULT NULL,
  `email` varchar(50) DEFAULT NULL,
  `telephone` varchar(50) DEFAULT NULL,
  `mobile` varchar(50) DEFAULT NULL,
  `address` varchar(50) DEFAULT NULL,
  `creator` varchar(255) DEFAULT NULL,
  `modifier` varchar(255) DEFAULT NULL,
  `modifyDate` datetime DEFAULT NULL,
  `mVersion` varchar(50) DEFAULT NULL,
  PRIMARY KEY (`objuid`)
) ENGINE=MyISAM DEFAULT CHARSET=utf8 ROW_FORMAT=FIXED;

#
# Dumping data for table do_org_user
#

LOCK TABLES `do_org_user` WRITE;
/*!40000 ALTER TABLE `do_org_user` DISABLE KEYS */;
INSERT INTO `do_org_user` VALUES ('2c90b0182ee04439012ee046b7b40002','fxlr','0001','c4ca4238a0b923820dcc509a6f75849b','2c90b1b02f0b4b7e012f0b87e83b002c',NULL,NULL,NULL,NULL,NULL,NULL,NULL,NULL,NULL,NULL);
INSERT INTO `do_org_user` VALUES ('40288031278ed91501278ed915b30000','u','0005','b59c67bf196a4758191e42f76670ceba','4028803127b6f15a0127b7294a7a0004',NULL,NULL,'u@u.com',NULL,NULL,NULL,NULL,NULL,NULL,NULL);
INSERT INTO `do_org_user` VALUES ('40288031287fd27f012880415d96006c','fwlr','0002','c4ca4238a0b923820dcc509a6f75849b','2c90b1b02f0b4b7e012f0b88437a002d',NULL,NULL,NULL,NULL,NULL,NULL,NULL,NULL,NULL,NULL);
INSERT INTO `do_org_user` VALUES ('40288031287fd27f01288045ecd3006e','jrlr','0003','c4ca4238a0b923820dcc509a6f75849b','2c90b1b02f0b4b7e012f0b88e1dd002e',NULL,NULL,NULL,NULL,NULL,NULL,NULL,NULL,NULL,NULL);
INSERT INTO `do_org_user` VALUES ('40288031287fd27f012880469c2d006f','zclr','0004','c4ca4238a0b923820dcc509a6f75849b','2c90b1b02f0b4b7e012f0b8934cf002f',NULL,NULL,NULL,NULL,NULL,NULL,NULL,NULL,NULL,NULL);
INSERT INTO `do_org_user` VALUES ('40288031287fd27f012880472b4e0070','xtgl','0005','c4ca4238a0b923820dcc509a6f75849b','2c90b1b02f0b4b7e012f0b8934cf002f',NULL,NULL,NULL,NULL,NULL,NULL,NULL,NULL,NULL,NULL);
INSERT INTO `do_org_user` VALUES ('40288031288a2b8501288a3704e00005','zcfz','0006','c4ca4238a0b923820dcc509a6f75849b','2c90b1b02f0b4b7e012f0b8934cf002f',NULL,NULL,NULL,NULL,NULL,NULL,NULL,NULL,NULL,NULL);
/*!40000 ALTER TABLE `do_org_user` ENABLE KEYS */;
UNLOCK TABLES;

#
# Source for table do_org_user_delegate
#

DROP TABLE IF EXISTS `do_org_user_delegate`;
CREATE TABLE `do_org_user_delegate` (
  `objuid` varchar(32) NOT NULL,
  `user_uid` varchar(50) DEFAULT NULL,
  `delegate_uid` varchar(50) DEFAULT NULL,
  `isValid` char(1) DEFAULT NULL,
  `startTime` datetime DEFAULT NULL,
  `endTime` datetime DEFAULT NULL,
  `note` text,
  `creator` varchar(255) DEFAULT NULL,
  `modifier` varchar(255) DEFAULT NULL,
  `modifyDate` datetime DEFAULT NULL,
  `mVersion` varchar(50) DEFAULT NULL,
  PRIMARY KEY (`objuid`)
) ENGINE=InnoDB DEFAULT CHARSET=utf8;

#
# Dumping data for table do_org_user_delegate
#

LOCK TABLES `do_org_user_delegate` WRITE;
/*!40000 ALTER TABLE `do_org_user_delegate` DISABLE KEYS */;
/*!40000 ALTER TABLE `do_org_user_delegate` ENABLE KEYS */;
UNLOCK TABLES;

#
# Source for table do_org_user_role
#

DROP TABLE IF EXISTS `do_org_user_role`;
CREATE TABLE `do_org_user_role` (
  `OBJUID` varchar(32) NOT NULL,
  `USER_UID` varchar(32) DEFAULT NULL,
  `ROLE_UID` varchar(50) DEFAULT NULL,
  PRIMARY KEY (`OBJUID`)
) ENGINE=MyISAM DEFAULT CHARSET=utf8;

#
# Dumping data for table do_org_user_role
#

LOCK TABLES `do_org_user_role` WRITE;
/*!40000 ALTER TABLE `do_org_user_role` DISABLE KEYS */;
INSERT INTO `do_org_user_role` VALUES ('2c90b0c12f5c1951012f5c5af9fc00c1','2c90b0182ee04439012ee046b7b40002','40288031287fd27f01287fa563bc1004');
INSERT INTO `do_org_user_role` VALUES ('2c90b0c12f5c1951012f5c5b19d900c2','40288031287fd27f012880415d96006c','40288031287fd27f01287fa563bc1004');
INSERT INTO `do_org_user_role` VALUES ('2c90b0c12f5c1951012f5c5b37f000c3','40288031287fd27f01288045ecd3006e','40288031287fd27f01287fa563bc1004');
INSERT INTO `do_org_user_role` VALUES ('2c90b0c12f5c1951012f5c5b5a8b00c4','40288031287fd27f012880469c2d006f','40288031287fd27f01287fa563bc1004');
INSERT INTO `do_org_user_role` VALUES ('2c90b0c12f5c1951012f5c5b770c00c5','40288031287fd27f012880472b4e0070','40288031287fd27f01287fe80c5a0009');
INSERT INTO `do_org_user_role` VALUES ('2c90b0c12f5c1951012f5c5b913b00c6','40288031288a2b8501288a3704e00005','40288031287fd27f01287fdb80af0001');
INSERT INTO `do_org_user_role` VALUES ('2c90b0c12f5c1951012f5c5bc80a00c7','40288031278ed91501278ed915b30000','40288031288a2b8501288a3d009d000d');
/*!40000 ALTER TABLE `do_org_user_role` ENABLE KEYS */;
UNLOCK TABLES;

#
# Source for table do_wfi_his_ni_dependency
#

DROP TABLE IF EXISTS `do_wfi_his_ni_dependency`;
CREATE TABLE `do_wfi_his_ni_dependency` (
  `objuid` varchar(32) NOT NULL,
  `Pre_NID_UID` varchar(32) DEFAULT NULL,
  `Post_NID_UID` varchar(32) DEFAULT NULL,
  `do_condition` varchar(255) DEFAULT NULL,
  PRIMARY KEY (`objuid`)
) ENGINE=MyISAM DEFAULT CHARSET=utf8;

#
# Dumping data for table do_wfi_his_ni_dependency
#

LOCK TABLES `do_wfi_his_ni_dependency` WRITE;
/*!40000 ALTER TABLE `do_wfi_his_ni_dependency` DISABLE KEYS */;
INSERT INTO `do_wfi_his_ni_dependency` VALUES ('ff8080812f6c9197012f6c95e6ff0011','ff8080812f6c9197012f6c95e653000f','ff8080812f6c9197012f6c95e6e00010',NULL);
INSERT INTO `do_wfi_his_ni_dependency` VALUES ('ff8080812f6c9197012f6c9c4668002e','ff8080812f6c9197012f6c95e6e00010','ff8080812f6c9197012f6c9c460a002d',NULL);
INSERT INTO `do_wfi_his_ni_dependency` VALUES ('ff8080812f6c9197012f6c9dbd770031','ff8080812f6c9197012f6c9c460a002d','ff8080812f6c9197012f6c9dbd490030',NULL);
INSERT INTO `do_wfi_his_ni_dependency` VALUES ('ff8080812f6c9197012f6c9e0ee30033','ff8080812f6c9197012f6c9dbd490030','ff8080812f6c9197012f6c9e0ec40032',NULL);
INSERT INTO `do_wfi_his_ni_dependency` VALUES ('ff8080812f6c9197012f6c9e3ff60035','ff8080812f6c9197012f6c9e0ec40032','ff8080812f6c9197012f6c9e3fc70034',NULL);
INSERT INTO `do_wfi_his_ni_dependency` VALUES ('ff8080812f6c9197012f6c9fa67b003a','ff8080812f6c9197012f6c9fa5b00038','ff8080812f6c9197012f6c9fa65c0039',NULL);
INSERT INTO `do_wfi_his_ni_dependency` VALUES ('ff8080812f6c9197012f6c9fa756003c','ff8080812f6c9197012f6c9fa65c0039','ff8080812f6c9197012f6c9fa736003b',NULL);
INSERT INTO `do_wfi_his_ni_dependency` VALUES ('ff8080812f6c9197012f6ca0dead003e','ff8080812f6c9197012f6c9fa736003b','ff8080812f6c9197012f6ca0de7e003d',NULL);
INSERT INTO `do_wfi_his_ni_dependency` VALUES ('ff8080812f6c9197012f6ca114630040','ff8080812f6c9197012f6ca0de7e003d','ff8080812f6c9197012f6ca11444003f',NULL);
INSERT INTO `do_wfi_his_ni_dependency` VALUES ('ff8080812f6c9197012f6ca1591d0042','ff8080812f6c9197012f6ca11444003f','ff8080812f6c9197012f6ca158ee0041',NULL);
INSERT INTO `do_wfi_his_ni_dependency` VALUES ('ff8080812f6c9197012f6caa1d500045','ff8080812f6c9197012f6ca158ee0041','ff8080812f6c9197012f6caa1d210044',NULL);
/*!40000 ALTER TABLE `do_wfi_his_ni_dependency` ENABLE KEYS */;
UNLOCK TABLES;

#
# Source for table do_wfi_his_nodeinstance
#

DROP TABLE IF EXISTS `do_wfi_his_nodeinstance`;
CREATE TABLE `do_wfi_his_nodeinstance` (
  `OBJUID` varchar(32) NOT NULL,
  `NodeName` varchar(255) NOT NULL,
  `NodeDesc` varchar(1000) DEFAULT NULL,
  `nodeDate` datetime DEFAULT NULL,
  `NodeType` tinyint(4) DEFAULT NULL,
  `authType` int(11) DEFAULT NULL,
  `nodeStateShow` varchar(255) DEFAULT NULL,
  `nodeStateShowBack` varchar(255) DEFAULT NULL,
  `spec_Name` varchar(255) DEFAULT NULL,
  `ExeStatus` tinyint(4) DEFAULT NULL,
  `DecisionExpression` varchar(500) DEFAULT NULL,
  `PI_UID` varchar(50) NOT NULL,
  `scheduleOUUid` varchar(50) DEFAULT NULL,
  `performerUid` varchar(50) DEFAULT NULL,
  `node_uid` varchar(50) DEFAULT NULL,
  `backType` tinyint(4) DEFAULT NULL,
  `pass_txt` varchar(500) DEFAULT NULL,
  `reject_txt` varchar(500) DEFAULT NULL,
  `node_ext1` varchar(500) DEFAULT NULL,
  `node_ext2` varchar(500) DEFAULT NULL,
  `retNodeUID` varchar(50) DEFAULT NULL,
  PRIMARY KEY (`OBJUID`)
) ENGINE=MyISAM DEFAULT CHARSET=utf8;

#
# Dumping data for table do_wfi_his_nodeinstance
#

LOCK TABLES `do_wfi_his_nodeinstance` WRITE;
/*!40000 ALTER TABLE `do_wfi_his_nodeinstance` DISABLE KEYS */;
INSERT INTO `do_wfi_his_nodeinstance` VALUES ('ff8080812f6c9197012f6c95e653000f','承德公司3亿售后回租_开始节点','开始节点_2011-4-19 15:07:33',NULL,2,NULL,NULL,NULL,NULL,3,NULL,'ff8080812f6c9197012f6c95e624000e',NULL,NULL,'msflarchsp_n3',NULL,NULL,NULL,NULL,NULL,NULL);
INSERT INTO `do_wfi_his_nodeinstance` VALUES ('ff8080812f6c9197012f6c95e6e00010','承德公司3亿售后回租_档案录入','档案录入_2011-4-19 15:07:33','2011-04-19 15:14:31',1,0,'档案录入',NULL,NULL,3,NULL,'ff8080812f6c9197012f6c95e624000e',NULL,'2c90b0182ee04439012ee046b7b40002','msflarchsp_n4',NULL,NULL,NULL,NULL,NULL,NULL);
INSERT INTO `do_wfi_his_nodeinstance` VALUES ('ff8080812f6c9197012f6c9c460a002d','承德公司3亿售后回租_入库审批','入库审批_2011-4-19 15:14:31','2011-04-19 15:16:07',1,0,'入库审批',NULL,NULL,3,NULL,'ff8080812f6c9197012f6c95e624000e',NULL,'40288031287fd27f012880472b4e0070','msflarchsp_n5',NULL,NULL,'文件不合格',NULL,NULL,NULL);
INSERT INTO `do_wfi_his_nodeinstance` VALUES ('ff8080812f6c9197012f6c9dbd490030','承德公司3亿售后回租_档案录入','档案录入_2011-4-19 15:16:07','2011-04-19 15:16:28',1,0,'档案录入',NULL,NULL,3,NULL,'ff8080812f6c9197012f6c95e624000e',NULL,'2c90b0182ee04439012ee046b7b40002','msflarchsp_n4',1,NULL,'文件不合格',NULL,NULL,NULL);
INSERT INTO `do_wfi_his_nodeinstance` VALUES ('ff8080812f6c9197012f6c9e0ec40032','承德公司3亿售后回租_入库审批','入库审批_2011-4-19 15:16:28','2011-04-19 15:16:40',1,0,'入库审批',NULL,NULL,3,NULL,'ff8080812f6c9197012f6c95e624000e',NULL,'40288031287fd27f012880472b4e0070','msflarchsp_n5',NULL,NULL,NULL,NULL,NULL,NULL);
INSERT INTO `do_wfi_his_nodeinstance` VALUES ('ff8080812f6c9197012f6c9e3fc70034','承德公司3亿售后回租_结束节点','结束节点_2011-4-19 15:16:41',NULL,3,NULL,NULL,NULL,NULL,3,NULL,'ff8080812f6c9197012f6c95e624000e',NULL,NULL,'msflarchsp_n6',NULL,NULL,NULL,NULL,NULL,NULL);
INSERT INTO `do_wfi_his_nodeinstance` VALUES ('ff8080812f6c9197012f6c9fa5b00038','ff8080812f6c9197012f6c95e5f6000d_开始节点','开始节点_2011-4-19 15:18:12',NULL,2,NULL,NULL,NULL,NULL,3,NULL,'ff8080812f6c9197012f6c9fa5810037',NULL,NULL,'msflrights_n3',NULL,NULL,NULL,NULL,NULL,NULL);
INSERT INTO `do_wfi_his_nodeinstance` VALUES ('ff8080812f6c9197012f6c9fa65c0039','ff8080812f6c9197012f6c95e5f6000d_申请权限','申请权限_2011-4-19 15:18:12','2011-04-19 15:18:12',1,0,'提出申请',NULL,NULL,3,NULL,'ff8080812f6c9197012f6c9fa5810037',NULL,'2c90b0182ee04439012ee046b7b40002','msflrights_n4',NULL,NULL,NULL,NULL,NULL,NULL);
INSERT INTO `do_wfi_his_nodeinstance` VALUES ('ff8080812f6c9197012f6c9fa736003b','ff8080812f6c9197012f6c95e5f6000d_档案管理员审批','档案管理员审批_2011-4-19 15:18:13','2011-04-19 15:19:32',1,0,'档案管理员审批',NULL,NULL,3,NULL,'ff8080812f6c9197012f6c9fa5810037',NULL,'40288031287fd27f012880472b4e0070','msflrights_n5',NULL,NULL,'反反复复',NULL,NULL,NULL);
INSERT INTO `do_wfi_his_nodeinstance` VALUES ('ff8080812f6c9197012f6ca0de7e003d','ff8080812f6c9197012f6c95e5f6000d_申请权限','申请权限_2011-4-19 15:19:32','2011-04-19 15:19:46',1,0,'提出申请',NULL,NULL,3,NULL,'ff8080812f6c9197012f6c9fa5810037',NULL,'2c90b0182ee04439012ee046b7b40002','msflrights_n4',1,NULL,'反反复复',NULL,NULL,'msflrights_n5');
INSERT INTO `do_wfi_his_nodeinstance` VALUES ('ff8080812f6c9197012f6ca11444003f','ff8080812f6c9197012f6c95e5f6000d_档案管理员审批','档案管理员审批_2011-4-19 15:19:46','2011-04-19 15:20:03',1,0,'档案管理员审批',NULL,NULL,3,NULL,'ff8080812f6c9197012f6c9fa5810037',NULL,'40288031287fd27f012880472b4e0070','msflrights_n5',NULL,NULL,NULL,NULL,NULL,NULL);
INSERT INTO `do_wfi_his_nodeinstance` VALUES ('ff8080812f6c9197012f6ca158ee0041','ff8080812f6c9197012f6c95e5f6000d_资产负责人审批','资产负责人审批_2011-4-19 15:20:04','2011-04-19 15:29:38',1,0,'资产负责人审批',NULL,NULL,3,NULL,'ff8080812f6c9197012f6c9fa5810037',NULL,'40288031288a2b8501288a3704e00005','msflrights_n6',NULL,NULL,NULL,NULL,NULL,NULL);
INSERT INTO `do_wfi_his_nodeinstance` VALUES ('ff8080812f6c9197012f6caa1d210044','ff8080812f6c9197012f6c95e5f6000d_结束节点','结束节点_2011-4-19 15:29:38',NULL,3,NULL,NULL,NULL,NULL,3,NULL,'ff8080812f6c9197012f6c9fa5810037',NULL,NULL,'msflrights_n7',NULL,NULL,NULL,NULL,NULL,NULL);
/*!40000 ALTER TABLE `do_wfi_his_nodeinstance` ENABLE KEYS */;
UNLOCK TABLES;

#
# Source for table do_wfi_his_processinstance
#

DROP TABLE IF EXISTS `do_wfi_his_processinstance`;
CREATE TABLE `do_wfi_his_processinstance` (
  `OBJUID` varchar(32) NOT NULL,
  `WFI_Name` varchar(255) NOT NULL,
  `PT_Name` varchar(255) NOT NULL,
  `WFI_Desc` varchar(2000) DEFAULT NULL,
  `ExeStatus` tinyint(4) DEFAULT NULL,
  `PT_UID` varchar(50) NOT NULL,
  `startUser` varchar(50) DEFAULT NULL,
  `startTime` datetime DEFAULT NULL,
  `curState` varchar(255) DEFAULT NULL,
  `curStateTime` datetime DEFAULT NULL,
  `curStateUser` varchar(50) DEFAULT NULL,
  `rejectTxt` varchar(2000) DEFAULT NULL,
  `instance_uid` varchar(50) DEFAULT NULL,
  `instance2_uid` varchar(32) DEFAULT NULL,
  `instance3_uid` varchar(32) DEFAULT NULL,
  PRIMARY KEY (`OBJUID`)
) ENGINE=MyISAM DEFAULT CHARSET=utf8;

#
# Dumping data for table do_wfi_his_processinstance
#

LOCK TABLES `do_wfi_his_processinstance` WRITE;
/*!40000 ALTER TABLE `do_wfi_his_processinstance` DISABLE KEYS */;
INSERT INTO `do_wfi_his_processinstance` VALUES ('ff8080812f6c9197012f6c95e624000e','承德公司3亿售后回租','msflarchsp','民生金融租赁档案审批',3,'2c90b0482f0977b3012f098007f90003','2c90b0182ee04439012ee046b7b40002','2011-04-19 15:07:33','入库审批',NULL,NULL,NULL,'ff8080812f6c9197012f6c95e5f6000d',NULL,NULL);
INSERT INTO `do_wfi_his_processinstance` VALUES ('ff8080812f6c9197012f6c9fa5810037','ff8080812f6c9197012f6c95e5f6000d','msflrights','审批权限申请管理',3,'2c90b0e02f24cb90012f24ccfddc0001','2c90b0182ee04439012ee046b7b40002','2011-04-19 15:18:12','资产负责人审批',NULL,NULL,NULL,'ff8080812f6c9197012f6c9fa5040036',NULL,NULL);
/*!40000 ALTER TABLE `do_wfi_his_processinstance` ENABLE KEYS */;
UNLOCK TABLES;

#
# Source for table do_wfi_his_varinstance
#

DROP TABLE IF EXISTS `do_wfi_his_varinstance`;
CREATE TABLE `do_wfi_his_varinstance` (
  `objuid` varchar(32) NOT NULL,
  `varName` varchar(255) NOT NULL,
  `varValue` varchar(255) DEFAULT NULL,
  `pt_var_uid` varchar(32) DEFAULT NULL,
  `PI_UID` varchar(32) NOT NULL,
  `bo_property_uid` varchar(32) DEFAULT NULL,
  `instance_uid` varchar(100) DEFAULT NULL,
  PRIMARY KEY (`objuid`)
) ENGINE=MyISAM DEFAULT CHARSET=utf8;

#
# Dumping data for table do_wfi_his_varinstance
#

LOCK TABLES `do_wfi_his_varinstance` WRITE;
/*!40000 ALTER TABLE `do_wfi_his_varinstance` DISABLE KEYS */;
/*!40000 ALTER TABLE `do_wfi_his_varinstance` ENABLE KEYS */;
UNLOCK TABLES;

#
# Source for table do_wfi_ni_dependency
#

DROP TABLE IF EXISTS `do_wfi_ni_dependency`;
CREATE TABLE `do_wfi_ni_dependency` (
  `objuid` varchar(32) NOT NULL,
  `Pre_NID_UID` varchar(32) DEFAULT NULL,
  `Post_NID_UID` varchar(32) DEFAULT NULL,
  `do_condition` varchar(255) DEFAULT NULL,
  PRIMARY KEY (`objuid`)
) ENGINE=MyISAM DEFAULT CHARSET=utf8;

#
# Dumping data for table do_wfi_ni_dependency
#

LOCK TABLES `do_wfi_ni_dependency` WRITE;
/*!40000 ALTER TABLE `do_wfi_ni_dependency` DISABLE KEYS */;
INSERT INTO `do_wfi_ni_dependency` VALUES ('2c90b0c52f71c292012f71c438790005','2c90b0c52f71c292012f71c4354c0003','2c90b0c52f71c292012f71c437ec0004',NULL);
INSERT INTO `do_wfi_ni_dependency` VALUES ('ff8080812f6c627d012f6c69bf1a0005','ff8080812f6c627d012f6c69bc6b0003','ff8080812f6c627d012f6c69bebd0004',NULL);
INSERT INTO `do_wfi_ni_dependency` VALUES ('ff8080812f6c9197012f6c94ed3e0005','ff8080812f6c9197012f6c94ebd60003','ff8080812f6c9197012f6c94ecf00004',NULL);
INSERT INTO `do_wfi_ni_dependency` VALUES ('ff8080812f6c9197012f6caac0d4004a','ff8080812f6c9197012f6caac0280048','ff8080812f6c9197012f6caac0a50049',NULL);
INSERT INTO `do_wfi_ni_dependency` VALUES ('ff8080812f6c9197012f6caac19f004c','ff8080812f6c9197012f6caac0a50049','ff8080812f6c9197012f6caac17f004b',NULL);
/*!40000 ALTER TABLE `do_wfi_ni_dependency` ENABLE KEYS */;
UNLOCK TABLES;

#
# Source for table do_wfi_nodeinstance
#

DROP TABLE IF EXISTS `do_wfi_nodeinstance`;
CREATE TABLE `do_wfi_nodeinstance` (
  `OBJUID` varchar(32) NOT NULL,
  `NodeName` varchar(255) NOT NULL,
  `NodeDesc` varchar(1000) DEFAULT NULL,
  `nodeDate` datetime DEFAULT NULL,
  `NodeType` tinyint(4) DEFAULT NULL,
  `authType` int(11) DEFAULT NULL,
  `nodeStateShow` varchar(255) DEFAULT NULL,
  `nodeStateShowBack` varchar(255) DEFAULT NULL,
  `spec_Name` varchar(255) DEFAULT NULL,
  `ExeStatus` tinyint(4) DEFAULT NULL,
  `DecisionExpression` varchar(500) DEFAULT NULL,
  `PI_UID` varchar(50) NOT NULL,
  `scheduleOUUid` varchar(50) DEFAULT NULL,
  `performerUid` varchar(50) DEFAULT NULL,
  `node_uid` varchar(50) DEFAULT NULL,
  `backType` tinyint(4) DEFAULT NULL,
  `pass_txt` varchar(500) DEFAULT NULL,
  `reject_txt` varchar(500) DEFAULT NULL,
  `node_ext1` varchar(500) DEFAULT NULL,
  `node_ext2` varchar(500) DEFAULT NULL,
  `retNodeUID` varchar(50) DEFAULT NULL,
  PRIMARY KEY (`OBJUID`)
) ENGINE=MyISAM DEFAULT CHARSET=utf8;

#
# Dumping data for table do_wfi_nodeinstance
#

LOCK TABLES `do_wfi_nodeinstance` WRITE;
/*!40000 ALTER TABLE `do_wfi_nodeinstance` DISABLE KEYS */;
INSERT INTO `do_wfi_nodeinstance` VALUES ('2c90b0c52f71c292012f71c4354c0003','北京紫枫科技开发有限公司项目开发_开始节点','开始节点_2011-4-20 15:16:14',NULL,2,NULL,NULL,NULL,NULL,3,NULL,'2c90b0c52f71c292012f71c433390002',NULL,NULL,'msflarchsp_n3',NULL,NULL,NULL,NULL,NULL,NULL);
INSERT INTO `do_wfi_nodeinstance` VALUES ('2c90b0c52f71c292012f71c437ec0004','北京紫枫科技开发有限公司项目开发_档案录入','档案录入_2011-4-20 15:16:15',NULL,1,0,'档案录入',NULL,NULL,2,NULL,'2c90b0c52f71c292012f71c433390002',NULL,NULL,'msflarchsp_n4',NULL,NULL,NULL,NULL,NULL,NULL);
INSERT INTO `do_wfi_nodeinstance` VALUES ('ff8080812f6c627d012f6c69bc6b0003','承德公司3亿售后回租_开始节点','开始节点_2011-4-19 14:19:19',NULL,2,NULL,NULL,NULL,NULL,3,NULL,'ff8080812f6c627d012f6c69ba770002',NULL,NULL,'msflarchsp_n3',NULL,NULL,NULL,NULL,NULL,NULL);
INSERT INTO `do_wfi_nodeinstance` VALUES ('ff8080812f6c627d012f6c69bebd0004','承德公司3亿售后回租_档案录入','档案录入_2011-4-19 14:19:20',NULL,1,0,'档案录入',NULL,NULL,2,NULL,'ff8080812f6c627d012f6c69ba770002',NULL,NULL,'msflarchsp_n4',NULL,NULL,NULL,NULL,NULL,NULL);
INSERT INTO `do_wfi_nodeinstance` VALUES ('ff8080812f6c9197012f6c94ebd60003','AAAAA_开始节点','开始节点_2011-4-19 15:06:29',NULL,2,NULL,NULL,NULL,NULL,3,NULL,'ff8080812f6c9197012f6c94eaec0002',NULL,NULL,'msflarchsp_n3',NULL,NULL,NULL,NULL,NULL,NULL);
INSERT INTO `do_wfi_nodeinstance` VALUES ('ff8080812f6c9197012f6c94ecf00004','AAAAA_档案录入','档案录入_2011-4-19 15:06:30',NULL,1,0,'档案录入',NULL,NULL,2,NULL,'ff8080812f6c9197012f6c94eaec0002',NULL,NULL,'msflarchsp_n4',NULL,NULL,NULL,NULL,NULL,NULL);
INSERT INTO `do_wfi_nodeinstance` VALUES ('ff8080812f6c9197012f6caac0280048','ff8080812f6c9197012f6c95e5f6000d_开始节点','开始节点_2011-4-19 15:30:20',NULL,2,NULL,NULL,NULL,NULL,3,NULL,'ff8080812f6c9197012f6caabfe90047',NULL,NULL,'msflrights_n3',NULL,NULL,NULL,NULL,NULL,NULL);
INSERT INTO `do_wfi_nodeinstance` VALUES ('ff8080812f6c9197012f6caac0a50049','ff8080812f6c9197012f6c95e5f6000d_申请权限','申请权限_2011-4-19 15:30:20','2011-04-19 15:30:20',1,0,'提出申请',NULL,NULL,3,NULL,'ff8080812f6c9197012f6caabfe90047',NULL,'2c90b0182ee04439012ee046b7b40002','msflrights_n4',NULL,NULL,NULL,NULL,NULL,NULL);
INSERT INTO `do_wfi_nodeinstance` VALUES ('ff8080812f6c9197012f6caac17f004b','ff8080812f6c9197012f6c95e5f6000d_档案管理员审批','档案管理员审批_2011-4-19 15:30:20',NULL,1,0,'档案管理员审批',NULL,NULL,2,NULL,'ff8080812f6c9197012f6caabfe90047',NULL,NULL,'msflrights_n5',NULL,NULL,NULL,NULL,NULL,NULL);
/*!40000 ALTER TABLE `do_wfi_nodeinstance` ENABLE KEYS */;
UNLOCK TABLES;

#
# Source for table do_wfi_processinstance
#

DROP TABLE IF EXISTS `do_wfi_processinstance`;
CREATE TABLE `do_wfi_processinstance` (
  `OBJUID` varchar(32) NOT NULL,
  `WFI_Name` varchar(255) NOT NULL,
  `PT_Name` varchar(255) NOT NULL,
  `WFI_Desc` varchar(2000) DEFAULT NULL,
  `ExeStatus` tinyint(4) DEFAULT NULL,
  `PT_UID` varchar(50) NOT NULL,
  `startUser` varchar(50) DEFAULT NULL,
  `startTime` datetime DEFAULT NULL,
  `curState` varchar(255) DEFAULT NULL,
  `curStateTime` datetime DEFAULT NULL,
  `curStateUser` varchar(50) DEFAULT NULL,
  `rejectTxt` varchar(2000) DEFAULT NULL,
  `instance_uid` varchar(50) DEFAULT NULL,
  `instance2_uid` varchar(32) DEFAULT NULL,
  `instance3_uid` varchar(32) DEFAULT NULL,
  PRIMARY KEY (`OBJUID`)
) ENGINE=MyISAM DEFAULT CHARSET=utf8;

#
# Dumping data for table do_wfi_processinstance
#

LOCK TABLES `do_wfi_processinstance` WRITE;
/*!40000 ALTER TABLE `do_wfi_processinstance` DISABLE KEYS */;
INSERT INTO `do_wfi_processinstance` VALUES ('2c90b0c52f71c292012f71c433390002','北京紫枫科技开发有限公司项目开发','msflarchsp','民生金融租赁档案审批',2,'2c90b0482f0977b3012f098007f90003','2c90b0182ee04439012ee046b7b40002','2011-04-20 15:16:14','档案录入',NULL,NULL,NULL,'2c90b0c52f71c292012f71c4323f0001',NULL,NULL);
INSERT INTO `do_wfi_processinstance` VALUES ('ff8080812f6c627d012f6c69ba770002','承德公司3亿售后回租','msflarchsp','民生金融租赁档案审批',2,'2c90b0482f0977b3012f098007f90003','2c90b0182ee04439012ee046b7b40002','2011-04-19 14:19:18','档案录入',NULL,NULL,NULL,'ff8080812f6c627d012f6c69b8730001',NULL,NULL);
INSERT INTO `do_wfi_processinstance` VALUES ('ff8080812f6c9197012f6c94eaec0002','AAAAA','msflarchsp','民生金融租赁档案审批',2,'2c90b0482f0977b3012f098007f90003','2c90b0182ee04439012ee046b7b40002','2011-04-19 15:06:29','档案录入',NULL,NULL,NULL,'ff8080812f6c9197012f6c94ea210001',NULL,NULL);
INSERT INTO `do_wfi_processinstance` VALUES ('ff8080812f6c9197012f6caabfe90047','ff8080812f6c9197012f6c95e5f6000d','msflrights','审批权限申请管理',2,'2c90b0e02f24cb90012f24ccfddc0001','2c90b0182ee04439012ee046b7b40002','2011-04-19 15:30:20','档案管理员审批',NULL,NULL,NULL,'ff8080812f6c9197012f6caabfca0046',NULL,NULL);
/*!40000 ALTER TABLE `do_wfi_processinstance` ENABLE KEYS */;
UNLOCK TABLES;

#
# Source for table do_wfi_varinstance
#

DROP TABLE IF EXISTS `do_wfi_varinstance`;
CREATE TABLE `do_wfi_varinstance` (
  `objuid` varchar(32) NOT NULL,
  `varName` varchar(255) NOT NULL,
  `varValue` varchar(255) DEFAULT NULL,
  `pt_var_uid` varchar(32) DEFAULT NULL,
  `PI_UID` varchar(32) NOT NULL,
  `bo_property_uid` varchar(32) DEFAULT NULL,
  `instance_uid` varchar(100) DEFAULT NULL,
  PRIMARY KEY (`objuid`)
) ENGINE=MyISAM DEFAULT CHARSET=utf8;

#
# Dumping data for table do_wfi_varinstance
#

LOCK TABLES `do_wfi_varinstance` WRITE;
/*!40000 ALTER TABLE `do_wfi_varinstance` DISABLE KEYS */;
/*!40000 ALTER TABLE `do_wfi_varinstance` ENABLE KEYS */;
UNLOCK TABLES;

#
# Source for table t_expense
#

DROP TABLE IF EXISTS `t_expense`;
CREATE TABLE `t_expense` (
  `id` varchar(32) NOT NULL DEFAULT '',
  `title` varchar(255) DEFAULT NULL,
  `expense_man` varchar(32) NOT NULL DEFAULT '',
  `expense_date` date DEFAULT NULL,
  `expense_money` float NOT NULL DEFAULT '0',
  `note` text,
  PRIMARY KEY (`id`)
) ENGINE=MyISAM DEFAULT CHARSET=utf8;

#
# Dumping data for table t_expense
#

LOCK TABLES `t_expense` WRITE;
/*!40000 ALTER TABLE `t_expense` DISABLE KEYS */;
/*!40000 ALTER TABLE `t_expense` ENABLE KEYS */;
UNLOCK TABLES;

#
# Source for view v_arch_rights
#

DROP VIEW IF EXISTS `v_arch_rights`;
CREATE ALGORITHM=UNDEFINED SQL SECURITY DEFINER VIEW `v_arch_rights` AS select distinct `archrightsapp`.`rstatus` AS `rstatus`,`archrightsapp`.`item_uid` AS `item_uid`,`archrightsapp`.`sq_user` AS `sq_user`,`archrightsapp`.`righttype` AS `righttype`,if((`archrightsapp`.`ifrefuse` = 'y'),'r',if(isnull(`archrightsapp`.`effecdate`),if((`archrightsapp`.`effecno` > 0),'y','n'),if((`archrightsapp`.`effecdate` > now()),'y','n'))) AS `ifeffective`,if(isnull(`archrightsapp`.`effecdate`),'n','t') AS `effectype` from `archrightsapp` where (isnull(`archrightsapp`.`oldjl`) or (`archrightsapp`.`oldjl` <> 'y'));

#
# Source for view wf_bj
#

DROP VIEW IF EXISTS `wf_bj`;
CREATE ALGORITHM=UNDEFINED SQL SECURITY DEFINER VIEW `wf_bj` AS select distinct `wpi`.`WFI_Desc` AS `wfi_desc`,`wpi`.`startUser` AS `startuser`,`wpi`.`startTime` AS `starttime`,`ni`.`OBJUID` AS `contextNiUid`,`wpi`.`OBJUID` AS `contextPIUid`,`wpi`.`curState` AS `curState`,`wpi`.`instance_uid` AS `instance_uid`,`ni`.`performerUid` AS `USER_UID`,`ni`.`nodeDate` AS `nodeDate` from (`do_wfi_his_nodeinstance` `ni` join `do_wfi_his_processinstance` `wpi` on((`ni`.`PI_UID` = `wpi`.`OBJUID`))) where ((`ni`.`ExeStatus` = 3) and (`wpi`.`ExeStatus` = 3));

#
# Source for view wf_db
#

DROP VIEW IF EXISTS `wf_db`;
CREATE ALGORITHM=UNDEFINED SQL SECURITY DEFINER VIEW `wf_db` AS select distinct `wpi`.`curState` AS `curstate`,`ni`.`node_uid` AS `node_uid`,`ni`.`nodeDate` AS `nodeDate`,`ni`.`OBJUID` AS `contextNIUid`,`wpi`.`OBJUID` AS `contextPIUid`,`wpi`.`instance_uid` AS `instance_uid`,`ni`.`pass_txt` AS `pass_txt`,`ni`.`reject_txt` AS `reject_txt`,`ur`.`USER_UID` AS `user_uid`,`wpi`.`WFI_Desc` AS `WFI_Desc`,`wpi`.`startUser` AS `startUser`,`wpi`.`startTime` AS `startTime` from (((`do_wfi_nodeinstance` `ni` join `do_wfi_processinstance` `wpi`) join `do_org_user_role` `ur`) join `do_authorization` `a`) where ((`wpi`.`OBJUID` = `ni`.`PI_UID`) and (`a`.`parterUid` = _utf8'9') and (`a`.`ouUid` = `ur`.`ROLE_UID`) and (`ni`.`node_uid` = `a`.`whatUid`) and (`ni`.`ExeStatus` = 2) and (`wpi`.`ExeStatus` = 2));

#
# Source for view wf_thxx
#

DROP VIEW IF EXISTS `wf_thxx`;
CREATE ALGORITHM=UNDEFINED SQL SECURITY DEFINER VIEW `wf_thxx` AS select distinct `ni`.`nodeStateShow` AS `nodestate`,if(isnull(`ni`.`reject_txt`),0,1) AS `backtype`,`ni`.`reject_txt` AS `reject_txt`,`wpi`.`instance_uid` AS `instance_uid`,`ni`.`performerUid` AS `USER_UID`,`ni`.`nodeDate` AS `nodeDate` from (`do_wfi_nodeinstance` `ni` join `do_wfi_processinstance` `wpi` on((`ni`.`PI_UID` = `wpi`.`OBJUID`))) where ((`ni`.`ExeStatus` = 3) and (`wpi`.`ExeStatus` = 2) and (`wpi`.`startUser` <> `ni`.`performerUid`) and ((`ni`.`performerUid` is not null) or (`ni`.`performerUid` <> '')));

#
# Source for view wf_yb
#

DROP VIEW IF EXISTS `wf_yb`;
CREATE ALGORITHM=UNDEFINED SQL SECURITY DEFINER VIEW `wf_yb` AS select distinct `wpi`.`WFI_Desc` AS `wfi_desc`,`wpi`.`startUser` AS `startuser`,`wpi`.`startTime` AS `starttime`,`ni`.`OBJUID` AS `contextNIUid`,`wpi`.`OBJUID` AS `contextPIUid`,`wpi`.`curState` AS `curState`,`wpi`.`instance_uid` AS `instance_uid`,`ni`.`performerUid` AS `USER_UID`,`ni`.`nodeDate` AS `nodeDate` from (`do_wfi_nodeinstance` `ni` join `do_wfi_processinstance` `wpi` on((`ni`.`PI_UID` = `wpi`.`OBJUID`))) where ((`ni`.`ExeStatus` = 3) and (`wpi`.`ExeStatus` = 2));

/*!40014 SET FOREIGN_KEY_CHECKS=@OLD_FOREIGN_KEY_CHECKS */;
/*!40014 SET UNIQUE_CHECKS=@OLD_UNIQUE_CHECKS */;
/*!40111 SET SQL_NOTES=@OLD_SQL_NOTES */;
/*!40101 SET SQL_MODE=@OLD_SQL_MODE */;
