# MySQL-Front 5.1  (Build 4.2)

/*!40101 SET @OLD_SQL_MODE=@@SQL_MODE */;
/*!40101 SET SQL_MODE='' */;
/*!40111 SET @OLD_SQL_NOTES=@@SQL_NOTES */;
/*!40103 SET SQL_NOTES='ON' */;
/*!40014 SET @OLD_UNIQUE_CHECKS=@@UNIQUE_CHECKS */;
/*!40014 SET UNIQUE_CHECKS=0 */;
/*!40014 SET @OLD_FOREIGN_KEY_CHECKS=@@FOREIGN_KEY_CHECKS */;
/*!40014 SET FOREIGN_KEY_CHECKS=0 */;


# Host: 127.0.0.1    Database: multi_tenancy
# ------------------------------------------------------
# Server version 5.0.24a-community-nt-log

#
# Source for table do_authorization
#

DROP TABLE IF EXISTS `do_authorization`;
CREATE TABLE `do_authorization` (
  `objUID` varchar(32) NOT NULL default '',
  `parterUid` varchar(32) default NULL,
  `ouUid` varchar(100) default NULL,
  `roleUid` varchar(32) default NULL,
  `whereDOBO` varchar(32) default NULL,
  `whereBOInstanceUid` varchar(32) default NULL,
  `whatType` int(11) default NULL,
  `whatUid` varchar(32) default NULL,
  `authority` char(1) default NULL,
  `isInherit` char(1) default NULL,
  `creator` varchar(255) default NULL,
  `creatDate` datetime default NULL,
  `modifier` varchar(255) default NULL,
  `modifyDate` datetime default NULL,
  `mVersion` varchar(50) default NULL
) ENGINE=MyISAM DEFAULT CHARSET=utf8 ROW_FORMAT=DYNAMIC;

#
# Dumping data for table do_authorization
#

LOCK TABLES `do_authorization` WRITE;
/*!40000 ALTER TABLE `do_authorization` DISABLE KEYS */;
INSERT INTO `do_authorization` VALUES ('402880312870acd1012870f1133a0001','9','4028803127b6f15a0127b725c6930003',NULL,NULL,NULL,110,'test_n12','1','1',NULL,NULL,NULL,NULL,NULL);
INSERT INTO `do_authorization` VALUES ('40288031287fd27f0128801f4bb9000a','9','40288031287fd27f01287fdc23670002',NULL,NULL,NULL,110,'tt2_n11','1','1',NULL,NULL,NULL,NULL,NULL);
INSERT INTO `do_authorization` VALUES ('40288031287fd27f0128801f849c000b','9','40288031287fd27f01287fe80c5a0009',NULL,NULL,NULL,110,'tt2_n12','1','1',NULL,NULL,NULL,NULL,NULL);
INSERT INTO `do_authorization` VALUES ('40288031287fd27f01287fdfd2a40005','9','4028803127b6f15a0127b725c6930003',NULL,NULL,NULL,110,'tt2_n6','1','1',NULL,NULL,NULL,NULL,NULL);
INSERT INTO `do_authorization` VALUES ('402880312870acd10128712bf8ae000e','9','4028803127b6f15a0127b725c6930003',NULL,NULL,NULL,110,'test_n7','1','1',NULL,NULL,NULL,NULL,NULL);
INSERT INTO `do_authorization` VALUES ('40288031287fd27f0128801fb3f9000c','9','40288031287fd27f01287fdc70100003',NULL,NULL,NULL,110,'tt2_n13','1','1',NULL,NULL,NULL,NULL,NULL);
INSERT INTO `do_authorization` VALUES ('40288031288512d70128852439e90004','9','4028803127b6f15a0127b725c6930003',NULL,NULL,NULL,16,'40288031287fd27f0128804a71510076','1','1',NULL,NULL,NULL,NULL,NULL);
INSERT INTO `do_authorization` VALUES ('40288031288512d7012885249bc00006','9','40288031287fd27f01287fdb80af0001',NULL,NULL,NULL,16,'40288031287fd27f0128804a71510076','1','1',NULL,NULL,NULL,NULL,NULL);
INSERT INTO `do_authorization` VALUES ('40288031288512d701288524b1d80007','9','40288031287fd27f01287fdc23670002',NULL,NULL,NULL,16,'40288031287fd27f0128804a71510076','1','1',NULL,NULL,NULL,NULL,NULL);
INSERT INTO `do_authorization` VALUES ('40288031288512d70128852572b70008','9','40288031287fd27f01287fdc70100003',NULL,NULL,NULL,16,'40288031287fd27f0128804a71510076','1','1',NULL,NULL,NULL,NULL,NULL);
INSERT INTO `do_authorization` VALUES ('40288031288512d70128852588620009','9','40288031287fd27f01287fe80c5a0009',NULL,NULL,NULL,16,'40288031287fd27f0128804a71510076','1','1',NULL,NULL,NULL,NULL,NULL);
INSERT INTO `do_authorization` VALUES ('40288031288512d701288525a57f000a','9','40288031287fd27f01287fdb80af0001',NULL,NULL,NULL,16,'40288031287fd27f0128804c9b550077','1','1',NULL,NULL,NULL,NULL,NULL);
INSERT INTO `do_authorization` VALUES ('40288031288512d701288525bbe6000b','9','40288031287fd27f01287fdc23670002',NULL,NULL,NULL,16,'40288031287fd27f0128804c9b550077','1','1',NULL,NULL,NULL,NULL,NULL);
INSERT INTO `do_authorization` VALUES ('40288031288512d701288525d4ec000c','9','40288031287fd27f01287fdc70100003',NULL,NULL,NULL,16,'40288031287fd27f0128804c9b550077','1','1',NULL,NULL,NULL,NULL,NULL);
INSERT INTO `do_authorization` VALUES ('40288031288512d70128852615cd000e','9','40288031287fd27f01287fe80c5a0009',NULL,NULL,NULL,16,'40288031287fd27f0128804c9b550077','1','1',NULL,NULL,NULL,NULL,NULL);
INSERT INTO `do_authorization` VALUES ('40288031288512d701288529a9c2000f','9','4028803127b6f15a0127b725c6930003',NULL,NULL,NULL,16,'402880312880f0bc012880f3b4cc0001','1','1',NULL,NULL,NULL,NULL,NULL);
INSERT INTO `do_authorization` VALUES ('40288031288a2b8501288a3652c60001','9','40288031287fd27f01287fdb80af0001',NULL,NULL,NULL,16,'402880312880f0bc012880f3b4cc0001','1','1',NULL,NULL,NULL,NULL,NULL);
INSERT INTO `do_authorization` VALUES ('40288031288a2b8501288a3660920002','9','40288031287fd27f01287fdc23670002',NULL,NULL,NULL,16,'402880312880f0bc012880f3b4cc0001','1','1',NULL,NULL,NULL,NULL,NULL);
INSERT INTO `do_authorization` VALUES ('40288031288a2b8501288a367a820003','9','40288031287fd27f01287fdc70100003',NULL,NULL,NULL,16,'402880312880f0bc012880f3b4cc0001','1','1',NULL,NULL,NULL,NULL,NULL);
INSERT INTO `do_authorization` VALUES ('40288031288a2b8501288a3685cd0004','9','40288031287fd27f01287fe80c5a0009',NULL,NULL,NULL,16,'402880312880f0bc012880f3b4cc0001','1','1',NULL,NULL,NULL,NULL,NULL);
INSERT INTO `do_authorization` VALUES ('40288031288a2b8501288a383e1c0007','9','4028803127b6f15a0127b725c6930003',NULL,NULL,NULL,16,'402880312880f0bc012880f413290002','1','1',NULL,NULL,NULL,NULL,NULL);
INSERT INTO `do_authorization` VALUES ('40288031288a2b8501288a384a220008','9','40288031287fd27f01287fdb80af0001',NULL,NULL,NULL,16,'402880312880f0bc012880f413290002','1','1',NULL,NULL,NULL,NULL,NULL);
INSERT INTO `do_authorization` VALUES ('40288031288a2b8501288a3858890009','9','40288031287fd27f01287fdc23670002',NULL,NULL,NULL,16,'402880312880f0bc012880f413290002','1','1',NULL,NULL,NULL,NULL,NULL);
INSERT INTO `do_authorization` VALUES ('40288031288a2b8501288a386cbd000a','9','40288031287fd27f01287fdc70100003',NULL,NULL,NULL,16,'402880312880f0bc012880f413290002','1','1',NULL,NULL,NULL,NULL,NULL);
INSERT INTO `do_authorization` VALUES ('40288031288a2b8501288a387960000b','9','40288031287fd27f01287fe80c5a0009',NULL,NULL,NULL,16,'402880312880f0bc012880f413290002','1','1',NULL,NULL,NULL,NULL,NULL);
INSERT INTO `do_authorization` VALUES ('40288031288a2b8501288a3d6812000f','9','40288031288a2b8501288a3d009d000d',NULL,NULL,NULL,16,'402880312788b836012788b844d10009','1','1',NULL,NULL,NULL,NULL,NULL);
INSERT INTO `do_authorization` VALUES ('40288031288a4cb701288a4ea76a0002','9','40288031288a2b8501288a3d009d000d',NULL,NULL,NULL,16,'402880312788b836012788b9b77c012c','1','1',NULL,NULL,NULL,NULL,NULL);
INSERT INTO `do_authorization` VALUES ('40288031288a4cb701288a4eb8fe0003','9','40288031288a2b8501288a3d009d000d',NULL,NULL,NULL,16,'402880312788b836012788ba043401ed','1','1',NULL,NULL,NULL,NULL,NULL);
INSERT INTO `do_authorization` VALUES ('40288031288a4cb701288a4ed4e20004','9','40288031288a2b8501288a3d009d000d',NULL,NULL,NULL,16,'40288031278f16d001278f43e525003c','1','1',NULL,NULL,NULL,NULL,NULL);
INSERT INTO `do_authorization` VALUES ('40288031288a4cb701288a4ee4c10005','9','40288031288a2b8501288a3d009d000d',NULL,NULL,NULL,16,'40288031278904920127890492720000','1','1',NULL,NULL,NULL,NULL,NULL);
INSERT INTO `do_authorization` VALUES ('40288031288a4cb701288a4ef4af0006','9','40288031288a2b8501288a3d009d000d',NULL,NULL,NULL,16,'40288031278a406e01278a6bb9ce005d','1','1',NULL,NULL,NULL,NULL,NULL);
INSERT INTO `do_authorization` VALUES ('40288031288a4cb701288a4f02d80007','9','40288031288a2b8501288a3d009d000d',NULL,NULL,NULL,16,'402880312793120d01279318032e0260','1','1',NULL,NULL,NULL,NULL,NULL);
INSERT INTO `do_authorization` VALUES ('402880363025df5f013025e186e50005','9','402880363025df5f013025e0f5e00004',NULL,NULL,NULL,16,'4028803630248c030130248e50e2003d','1','1',NULL,NULL,NULL,NULL,NULL);
INSERT INTO `do_authorization` VALUES ('402880363027aa1c013027bd483b0027','9','402880363027aa1c013027bc581e0025',NULL,NULL,NULL,16,'402880363027aa1c013027b98d940023','1','1',NULL,NULL,NULL,NULL,NULL);
INSERT INTO `do_authorization` VALUES ('402880363027aa1c013027bd5f6c0028','9','402880363027aa1c013027bc581e0025',NULL,NULL,NULL,16,'402880363027aa1c013027b915760022','1','1',NULL,NULL,NULL,NULL,NULL);
/*!40000 ALTER TABLE `do_authorization` ENABLE KEYS */;
UNLOCK TABLES;

#
# Source for table do_code_maxsequence
#

DROP TABLE IF EXISTS `do_code_maxsequence`;
CREATE TABLE `do_code_maxsequence` (
  `OBJUID` varchar(32) NOT NULL,
  `SEQUENCE_NAME` varchar(255) default NULL,
  `CODE_ITEMUID` varchar(32) default NULL,
  `PROPERTYUID` varchar(32) default NULL,
  `PROPERTYVALUE` varchar(255) default NULL,
  `YEARSEQ` decimal(10,0) default NULL,
  `MAX_SEQUENCE` decimal(19,0) default NULL,
  `creator` varchar(255) default NULL,
  `creatDate` datetime default NULL,
  `modifier` varchar(255) default NULL,
  `modifyDate` datetime default NULL,
  `mVersion` varchar(50) default NULL
) ENGINE=MyISAM DEFAULT CHARSET=utf8 ROW_FORMAT=DYNAMIC;

#
# Dumping data for table do_code_maxsequence
#

LOCK TABLES `do_code_maxsequence` WRITE;
/*!40000 ALTER TABLE `do_code_maxsequence` DISABLE KEYS */;
/*!40000 ALTER TABLE `do_code_maxsequence` ENABLE KEYS */;
UNLOCK TABLES;

#
# Source for table do_log
#

DROP TABLE IF EXISTS `do_log`;
CREATE TABLE `do_log` (
  `objuid` varchar(32) NOT NULL default '',
  `userName` varchar(50) default NULL,
  `deptName` varchar(255) default NULL,
  `loginTime` datetime default NULL,
  `logoffTime` datetime default NULL,
  `ip` varchar(50) default NULL,
  `sessionid` varchar(50) default NULL
) ENGINE=MyISAM DEFAULT CHARSET=utf8 ROW_FORMAT=DYNAMIC;

#
# Dumping data for table do_log
#

LOCK TABLES `do_log` WRITE;
/*!40000 ALTER TABLE `do_log` DISABLE KEYS */;
INSERT INTO `do_log` VALUES ('2c90b186301c87f101301c87f1150000','a',NULL,'2011-05-23 19:05:29',NULL,'127.0.0.1','B3B48AB3C915A415872D889B766C136D');
INSERT INTO `do_log` VALUES ('2c90b186301c87f101301c87f24d0001','a',NULL,'2011-05-23 19:05:29',NULL,'127.0.0.1','B3B48AB3C915A415872D889B766C136D');
INSERT INTO `do_log` VALUES ('2c90b186301c895701301c89578b0000','a',NULL,'2011-05-23 19:07:00',NULL,'127.0.0.1','36AF9E3569FB4CE01537F438D2CD6B6C');
INSERT INTO `do_log` VALUES ('2c90b186301c8e8301301c8e83d20000','a',NULL,'2011-05-23 19:12:39',NULL,'127.0.0.1','8817B465FA1D94504F6A9A97483EBCF4');
INSERT INTO `do_log` VALUES ('2c90b186301c904201301c9042e70000','a',NULL,'2011-05-23 19:14:34',NULL,'127.0.0.1','7D507565BB8AE4EA7FA88AEFEE11252D');
INSERT INTO `do_log` VALUES ('40288036301d2a7501301d4be2080006','a',NULL,'2011-05-23 22:39:30',NULL,'127.0.0.1','7A3FD2428F714DA968062EC951B3507A');
INSERT INTO `do_log` VALUES ('40288036301d2a7501301d4bf3db0007','a',NULL,'2011-05-23 22:39:34',NULL,'127.0.0.1','7A3FD2428F714DA968062EC951B3507A');
INSERT INTO `do_log` VALUES ('ff808081301d670801301d6708c70000','a',NULL,'2011-05-23 23:09:09',NULL,'127.0.0.1','99BE949AE009DEDCCD635FDC1994598D');
INSERT INTO `do_log` VALUES ('ff808081301d670801301d7c285e000a','a',NULL,'2011-05-23 23:32:14',NULL,'127.0.0.1','99BE949AE009DEDCCD635FDC1994598D');
INSERT INTO `do_log` VALUES ('ff808081301d670801301d7ddeaa000b','jlf',NULL,'2011-05-23 23:34:06',NULL,'127.0.0.1','99BE949AE009DEDCCD635FDC1994598D');
INSERT INTO `do_log` VALUES ('ff808081301d670801301d7e6b59000c','jlf',NULL,'2011-05-23 23:34:42',NULL,'127.0.0.1','99BE949AE009DEDCCD635FDC1994598D');
INSERT INTO `do_log` VALUES ('40288036301f669b01301f669bda0000','a',NULL,'2011-05-24 08:27:56',NULL,'127.0.0.1','70A20A48FD7D35C91168AA60B33FD23C');
INSERT INTO `do_log` VALUES ('402880363021d748013021d748b80000','jlf',NULL,'2011-05-24 19:50:15',NULL,'127.0.0.1','D38D8A11942C4A061A4F51AD390064AB');
INSERT INTO `do_log` VALUES ('402880363021d748013021d879f50001','jlf',NULL,'2011-05-24 19:51:33',NULL,'127.0.0.1','D38D8A11942C4A061A4F51AD390064AB');
INSERT INTO `do_log` VALUES ('ff8080813021e555013021e555d40000','jlf',NULL,'2011-05-24 20:05:35',NULL,'127.0.0.1','E9F736F15E6390EDD4FE0644254F364C');
INSERT INTO `do_log` VALUES ('ff8080813021e555013021e5ae060001','jlf',NULL,'2011-05-24 20:05:58',NULL,'127.0.0.1','E9F736F15E6390EDD4FE0644254F364C');
INSERT INTO `do_log` VALUES ('ff8080813021e555013021e611150002','jlf',NULL,'2011-05-24 20:06:23',NULL,'127.0.0.1','E9F736F15E6390EDD4FE0644254F364C');
INSERT INTO `do_log` VALUES ('ff8080813021e955013021e955440000','jlf',NULL,'2011-05-24 20:09:57',NULL,'127.0.0.1','299AD370C5F06D781F6ECADDE7A4B43A');
INSERT INTO `do_log` VALUES ('ff8080813021ea30013021ea30810000','jlf',NULL,'2011-05-24 20:10:54',NULL,'127.0.0.1','6E2A4CCBFEEB3A2CD7BCB641CF44E9E4');
INSERT INTO `do_log` VALUES ('ff8080813021ea30013021f40af70001','a',NULL,'2011-05-24 20:21:39',NULL,'127.0.0.1','6E2A4CCBFEEB3A2CD7BCB641CF44E9E4');
INSERT INTO `do_log` VALUES ('ff808081302226e201302226e2770000','jlf',NULL,'2011-05-24 21:17:11',NULL,'127.0.0.1','A361075DCE36448325BD4E5FC5A49870');
INSERT INTO `do_log` VALUES ('4028803630223a400130223a402b0000','jlf',NULL,'2011-05-24 21:38:20',NULL,'127.0.0.1','A67CDC1C06AA2DFDA1068C4CF5493900');
INSERT INTO `do_log` VALUES ('4028803630223ba00130223ba0580000','jlf',NULL,'2011-05-24 21:39:51',NULL,'127.0.0.1','221679057479A1A3522136E5374AB94E');
INSERT INTO `do_log` VALUES ('40288036302244660130224466cd0000','jlf',NULL,'2011-05-24 21:49:26',NULL,'127.0.0.1','39DC442041C405AA8D4D18EE5A55EEE2');
INSERT INTO `do_log` VALUES ('40288036302256110130225611820000','a',NULL,'2011-05-24 22:08:43',NULL,'127.0.0.1','1316714585920F3465C5BE9296C553A0');
INSERT INTO `do_log` VALUES ('4028803630225611013022567b860001','jlf',NULL,'2011-05-24 22:09:11',NULL,'127.0.0.1','1316714585920F3465C5BE9296C553A0');
INSERT INTO `do_log` VALUES ('402880363022578b013022578b600000','jlf',NULL,'2011-05-24 22:10:20',NULL,'127.0.0.1','0BF9015C1758EB1D7A98DACDAAE0C00F');
INSERT INTO `do_log` VALUES ('402880363022843f013022843f970000','jlf',NULL,'2011-05-24 22:59:10',NULL,'127.0.0.1','DB57647D584A8604B27011AA58A497A6');
INSERT INTO `do_log` VALUES ('402880363022843f013022843fa70001','jlf',NULL,'2011-05-24 22:59:10',NULL,'127.0.0.1','DB57647D584A8604B27011AA58A497A6');
INSERT INTO `do_log` VALUES ('4028803630228a680130228a68cd0000','jlf',NULL,'2011-05-24 23:05:54','2011-05-25 07:53:43','127.0.0.1','1D515BB93D5402D621A2F06032270E12');
INSERT INTO `do_log` VALUES ('4028803630228a68013024750f6d0009','jlf',NULL,'2011-05-25 08:01:49',NULL,'127.0.0.1','08FFD6C2F874FD3787F8A22B915569C9');
INSERT INTO `do_log` VALUES ('40288036302477ae01302477aee00000','jlf',NULL,'2011-05-25 08:04:41',NULL,'127.0.0.1','4A64A193FF7B1029E7E038D4D3AAF7F5');
INSERT INTO `do_log` VALUES ('4028803630247aae0130247aae450000','jlf',NULL,'2011-05-25 08:07:57',NULL,'127.0.0.1','55E90B952C35F6C029764E5535082404');
INSERT INTO `do_log` VALUES ('4028803630248c030130248c03390000','jlf',NULL,'2011-05-25 08:26:53',NULL,'127.0.0.1','324E3568D24614329FC5D7487B41807F');
INSERT INTO `do_log` VALUES ('402880363024951501302495152e0000','jlf',NULL,'2011-05-25 08:36:48',NULL,'127.0.0.1','CC48C629EE6A157DC7035173D4E38B58');
INSERT INTO `do_log` VALUES ('4028803630249db40130249db4b30000','a',NULL,'2011-05-25 08:46:13',NULL,'127.0.0.1','62FA83479BB825EC22388C708BC873F2');
INSERT INTO `do_log` VALUES ('402880363024b4c8013024b4c86a0000','jlf',NULL,'2011-05-25 09:11:25',NULL,'127.0.0.1','8ABC53A3A35F740FF4EC434004340D81');
INSERT INTO `do_log` VALUES ('402880363024cb95013024cb95e10000','jlf',NULL,'2011-05-25 09:36:20',NULL,'127.0.0.1','55AD3CE506505A07605A23F1F9D60D85');
INSERT INTO `do_log` VALUES ('402880363024e19f013024e19f0e0000','jlf',NULL,'2011-05-25 10:00:24',NULL,'127.0.0.1','1C4D83EAC32ED39ED87D37443A0C65C3');
INSERT INTO `do_log` VALUES ('402880363024ea0e013024ea0ef70000','jlf',NULL,'2011-05-25 10:09:37',NULL,'127.0.0.1','819885A557513E558CCA2B6239B3D99E');
INSERT INTO `do_log` VALUES ('402880363024ef00013024ef00d60000','jlf',NULL,'2011-05-25 10:15:01',NULL,'127.0.0.1','E923CC2F7FC1164276FE23C52969FC6A');
INSERT INTO `do_log` VALUES ('402880363024f7fe013024f7fe1b0000','jlf',NULL,'2011-05-25 10:24:50',NULL,'127.0.0.1','28F003E5164931E8646857F495C3AF2E');
INSERT INTO `do_log` VALUES ('402880363025531a013025531adf0000','jlf',NULL,'2011-05-25 12:04:21',NULL,'127.0.0.1','7F664B4BD4A6D0E30A2BB284CB0B6968');
INSERT INTO `do_log` VALUES ('402880363025531a0130257c16d10003','jlf',NULL,'2011-05-25 12:49:07',NULL,'127.0.0.1','7F664B4BD4A6D0E30A2BB284CB0B6968');
INSERT INTO `do_log` VALUES ('402880363025803e013025803e2c0000','jlf',NULL,'2011-05-25 12:53:39',NULL,'127.0.0.1','38C922D3EFA45B2392A3245D9C61ED3E');
INSERT INTO `do_log` VALUES ('402880363025803e01302583aff20001','jlf',NULL,'2011-05-25 12:57:25',NULL,'127.0.0.1','38C922D3EFA45B2392A3245D9C61ED3E');
INSERT INTO `do_log` VALUES ('402880363025803e01302583dafa0002','jlf',NULL,'2011-05-25 12:57:36',NULL,'127.0.0.1','38C922D3EFA45B2392A3245D9C61ED3E');
INSERT INTO `do_log` VALUES ('402880363025b774013025b774920000','jlf',NULL,'2011-05-25 13:53:57',NULL,'127.0.0.1','02C47104D4F3282572F23203ACF5A5A8');
INSERT INTO `do_log` VALUES ('402880363025bf09013025bf098c0000','jlf',NULL,'2011-05-25 14:02:14',NULL,'127.0.0.1','078F6B6869ED5E5D2DAE7082C609FDF5');
INSERT INTO `do_log` VALUES ('402880363025c5c3013025c5c31b0000','a',NULL,'2011-05-25 14:09:35',NULL,'127.0.0.1','DB7E33059BA25BCD991A4FC6E5440403');
INSERT INTO `do_log` VALUES ('402880363025d5d9013025d5d9450000','jlf',NULL,'2011-05-25 14:27:09',NULL,'127.0.0.1','722A817CDAB3C9D2B1869F5EAB258CBA');
INSERT INTO `do_log` VALUES ('402880363025df5f013025df5fee0000','jlf',NULL,'2011-05-25 14:37:34',NULL,'127.0.0.1','7F60D5482A0772C88118C73934FD798B');
INSERT INTO `do_log` VALUES ('402880363025df5f013025e2f99f0007','jlf',NULL,'2011-05-25 14:41:30',NULL,'127.0.0.1','7F60D5482A0772C88118C73934FD798B');
INSERT INTO `do_log` VALUES ('402880363025e5f9013025e5f9910000','jlf2',NULL,'2011-05-25 14:44:46',NULL,'127.0.0.1','1451602878F86C63DA2CEF8DB46E56B7');
INSERT INTO `do_log` VALUES ('402880363025eb8e013025eb8e180000','w2m',NULL,'2011-05-25 14:50:52','2011-05-25 14:51:14','127.0.0.1','7887671E2DFD23EF311710D95430CA9A');
INSERT INTO `do_log` VALUES ('402880363025eb8e013025ecbf260001','yclh',NULL,'2011-05-25 14:52:10','2011-05-25 17:59:49','127.0.0.1','9DC68C5FF9D370532B6FF989DBAC6550');
INSERT INTO `do_log` VALUES ('402880363025eb8e013025ed49550002','yclh',NULL,'2011-05-25 14:52:45','2011-05-25 17:59:49','127.0.0.1','9DC68C5FF9D370532B6FF989DBAC6550');
INSERT INTO `do_log` VALUES ('402880363025eb8e013025eed4e60003','yclh',NULL,'2011-05-25 14:54:27','2011-05-25 17:59:49','127.0.0.1','9DC68C5FF9D370532B6FF989DBAC6550');
INSERT INTO `do_log` VALUES ('402880363025eb8e013025f447cc0004','yclh',NULL,'2011-05-25 15:00:24','2011-05-25 17:59:49','127.0.0.1','9DC68C5FF9D370532B6FF989DBAC6550');
INSERT INTO `do_log` VALUES ('4028803630269f480130269f48b70000','yclh',NULL,'2011-05-25 18:07:11',NULL,'127.0.0.1','AA0A0A8932FD381A87470E5988A51A90');
INSERT INTO `do_log` VALUES ('4028803630269f480130269f67890001','yclh',NULL,'2011-05-25 18:07:18',NULL,'127.0.0.1','AA0A0A8932FD381A87470E5988A51A90');
INSERT INTO `do_log` VALUES ('402880363026bfd1013026bfd1920000','jlf',NULL,'2011-05-25 18:42:43',NULL,'127.0.0.1','F315568F463B309BF790B85C599DE763');
INSERT INTO `do_log` VALUES ('402880363026d6a6013026d6a6ba0000','jlf',NULL,'2011-05-25 19:07:39',NULL,'127.0.0.1','A8C5C2BB4343D221B2FB716494AA602D');
INSERT INTO `do_log` VALUES ('402880363026daff013026dafff20000','jlf',NULL,'2011-05-25 19:12:24',NULL,'127.0.0.1','8A83284805736A8931F3C3D30D6B883E');
INSERT INTO `do_log` VALUES ('402880363026dda6013026dda6f60000','jlf',NULL,'2011-05-25 19:15:18',NULL,'127.0.0.1','7D611504454914328DF8FF3C1284A48B');
INSERT INTO `do_log` VALUES ('402880363026dda6013026ddd5780001','jlf',NULL,'2011-05-25 19:15:30',NULL,'127.0.0.1','7D611504454914328DF8FF3C1284A48B');
INSERT INTO `do_log` VALUES ('402880363026e1d3013026e1d3df0000','jlf',NULL,'2011-05-25 19:19:52',NULL,'127.0.0.1','188647A6162C82B628C9888F3C0F3DA0');
INSERT INTO `do_log` VALUES ('402880363026eb24013026eb24260000','jlf',NULL,'2011-05-25 19:30:02','2011-05-25 20:01:07','127.0.0.1','F1262DADC7F006CA7DCF25A6FC97E91B');
INSERT INTO `do_log` VALUES ('402880363026eb240130270d82bb0001','jlf',NULL,'2011-05-25 20:07:34','2011-05-25 20:38:21','127.0.0.1','9A42641281E289C155F1CF53BC9BF3AD');
INSERT INTO `do_log` VALUES ('402880363026eb240130272ab9ad0002','jlf',NULL,'2011-05-25 20:39:29',NULL,'127.0.0.1','E1B1FCD81ED427C003B75D499445BD95');
INSERT INTO `do_log` VALUES ('402880363026eb240130273d7a840006','yclh',NULL,'2011-05-25 20:59:58',NULL,'127.0.0.1','E1B1FCD81ED427C003B75D499445BD95');
INSERT INTO `do_log` VALUES ('ff808081302740d801302740d8170000','yclh',NULL,'2011-05-25 21:03:39',NULL,'127.0.0.1','328C273686B69B21B1F359874A1CFCAC');
INSERT INTO `do_log` VALUES ('ff808081302740d80130274114450001','yclh',NULL,'2011-05-25 21:03:54',NULL,'127.0.0.1','328C273686B69B21B1F359874A1CFCAC');
INSERT INTO `do_log` VALUES ('40288036302756cf01302756cfee0000','yclh',NULL,'2011-05-25 21:27:38',NULL,'127.0.0.1','ADC2B098E7444482C909B583EBB57EFA');
INSERT INTO `do_log` VALUES ('40288036302759b301302759b3ad0000','yclh',NULL,'2011-05-25 21:30:48',NULL,'127.0.0.1','E59D9660BA43050B962EED3F0C415490');
INSERT INTO `do_log` VALUES ('402880363027796101302779611d0000','yclh',NULL,'2011-05-25 22:05:24',NULL,'127.0.0.1','505DBE707A22F008B8691E6FFFB482B6');
INSERT INTO `do_log` VALUES ('4028803630277e060130277e06140000','w2m',NULL,'2011-05-25 22:10:28','2011-05-25 22:13:46','127.0.0.1','F5EE9A699A1015501D72BFBDBA1EBB52');
INSERT INTO `do_log` VALUES ('4028803630277e06013027815b590005','yclh',NULL,'2011-05-25 22:14:06','2011-05-25 22:15:25','127.0.0.1','E67EA8D63F98763CAD68F626CBABDCEA');
INSERT INTO `do_log` VALUES ('4028803630277e0601302782c3460006','jlf',NULL,'2011-05-25 22:15:39','2011-05-25 22:15:59','127.0.0.1','888DA84E488D4A82E0BA7BF36E7EFB50');
INSERT INTO `do_log` VALUES ('4028803630277e060130278343ff0007','w2m',NULL,'2011-05-25 22:16:12','2011-05-25 22:17:01','127.0.0.1','E313601743E876F0F1E07A2D1018D642');
INSERT INTO `do_log` VALUES ('4028803630277e060130278459a50009','yclh',NULL,'2011-05-25 22:17:23','2011-05-25 22:43:26','127.0.0.1','9F54DCC3F5AB533BC6CDB8D330557F3D');
INSERT INTO `do_log` VALUES ('4028803630277e060130279044cb000c','w2m',NULL,'2011-05-25 22:30:24','2011-05-25 22:43:26','127.0.0.1','9F54DCC3F5AB533BC6CDB8D330557F3D');
INSERT INTO `do_log` VALUES ('4028803630277e060130279cca8b001d','yclh',NULL,'2011-05-25 22:44:04',NULL,'127.0.0.1','3D711EEC656193E8A02E4A76CFC3B520');
INSERT INTO `do_log` VALUES ('4028803630277e060130279f2236001e','yclh',NULL,'2011-05-25 22:46:38','2011-05-25 22:47:52','127.0.0.1','0F827377B306D641C64BB5B8F6C0CF2D');
INSERT INTO `do_log` VALUES ('4028803630277e06013027a08967001f','yclh',NULL,'2011-05-25 22:48:10','2011-05-25 22:50:18','127.0.0.1','4F795B0CACFFFCD7C8BFB6062688DF26');
INSERT INTO `do_log` VALUES ('4028803630277e06013027a2b9670020','jlf',NULL,'2011-05-25 22:50:33',NULL,'127.0.0.1','BB439E9296326AE80FF8E24292BF0FD5');
INSERT INTO `do_log` VALUES ('4028803630277e06013027a2ca100021','jlf',NULL,'2011-05-25 22:50:37',NULL,'127.0.0.1','BB439E9296326AE80FF8E24292BF0FD5');
INSERT INTO `do_log` VALUES ('402880363027a41d013027a41daa0000','jlf',NULL,'2011-05-25 22:52:04',NULL,'127.0.0.1','2EB989CFBBBDEB9905510E474D713BA8');
INSERT INTO `do_log` VALUES ('402880363027aa1c013027aa1cc20000','jlf',NULL,'2011-05-25 22:58:37','2011-05-25 22:58:49','127.0.0.1','365C929F13113C91DC065911F014B896');
INSERT INTO `do_log` VALUES ('402880363027aa1c013027aa8dcc0001','w2m',NULL,'2011-05-25 22:59:06','2011-05-25 22:59:24','127.0.0.1','D33946A804AFB27DE66E14792EC2782F');
INSERT INTO `do_log` VALUES ('402880363027aa1c013027ab23c20002','yclh',NULL,'2011-05-25 22:59:45','2011-05-25 23:17:29','127.0.0.1','C2222E4D36C33E95E1DFA96EA06A8245');
INSERT INTO `do_log` VALUES ('402880363027aa1c013027bbba380024','yclh2',NULL,'2011-05-25 23:17:52','2011-05-25 23:19:51','127.0.0.1','76755C88E91D23E8F4C11E1A62732704');
INSERT INTO `do_log` VALUES ('402880363027aa1c013027bddcda0029','yclh',NULL,'2011-05-25 23:20:12','2011-05-25 23:20:48','127.0.0.1','430D8BC0B4216C4F6D560533DF5D60A6');
INSERT INTO `do_log` VALUES ('402880363027aa1c013027bf06a4002c','yclh2',NULL,'2011-05-25 23:21:28',NULL,'127.0.0.1','9A2849E403B149E1036FCE327E7F6761');
INSERT INTO `do_log` VALUES ('402880363027c3fd013027c3fd930000','jlf',NULL,'2011-05-25 23:26:53',NULL,'127.0.0.1','75D08F629A96DDC3360AA1D56F4EFC93');
INSERT INTO `do_log` VALUES ('402880363027c3fd013027c4ca0b0002','w2m',NULL,'2011-05-25 23:27:46',NULL,'127.0.0.1','75D08F629A96DDC3360AA1D56F4EFC93');
INSERT INTO `do_log` VALUES ('402880363027c3fd013027c5bc1c0004','yclh',NULL,'2011-05-25 23:28:48',NULL,'127.0.0.1','75D08F629A96DDC3360AA1D56F4EFC93');
INSERT INTO `do_log` VALUES ('402880363027c3fd013027c5d3da0005','yclh',NULL,'2011-05-25 23:28:54',NULL,'127.0.0.1','75D08F629A96DDC3360AA1D56F4EFC93');
INSERT INTO `do_log` VALUES ('402880363027c3fd013027c65e670007','yclh2',NULL,'2011-05-25 23:29:29',NULL,'127.0.0.1','75D08F629A96DDC3360AA1D56F4EFC93');
INSERT INTO `do_log` VALUES ('402880363027dc3d013027dc3d950000','jlf',NULL,'2011-05-25 23:53:23',NULL,'127.0.0.1','74D8958B7BF2299F81990C9BA6ED4CE7');
INSERT INTO `do_log` VALUES ('402880363027dc3d013027dcac8c0001','w2m',NULL,'2011-05-25 23:53:51',NULL,'127.0.0.1','74D8958B7BF2299F81990C9BA6ED4CE7');
INSERT INTO `do_log` VALUES ('402880363027dc3d013027dd00b60002','yclh2',NULL,'2011-05-25 23:54:13',NULL,'127.0.0.1','74D8958B7BF2299F81990C9BA6ED4CE7');
INSERT INTO `do_log` VALUES ('402880363027dc3d013027dd1b720003','yclh2',NULL,'2011-05-25 23:54:19',NULL,'127.0.0.1','74D8958B7BF2299F81990C9BA6ED4CE7');
/*!40000 ALTER TABLE `do_log` ENABLE KEYS */;
UNLOCK TABLES;

#
# Source for table do_log_data
#

DROP TABLE IF EXISTS `do_log_data`;
CREATE TABLE `do_log_data` (
  `OBJUID` varchar(32) NOT NULL default '',
  `TABLE_NAME` varchar(100) default NULL,
  `COL_NAME` varchar(100) default NULL,
  `WHO_UID` varchar(32) default NULL,
  `BO_UID` varchar(32) default NULL,
  `COL_UID` varchar(32) default NULL,
  `OPER_TYPE` varchar(50) default NULL,
  `OPER_DATA` varchar(100) default NULL,
  `OPER_TIME` datetime default NULL,
  `OPER_DATA_UID` varchar(32) default NULL,
  `OPER_PANE_UID` varchar(32) default NULL,
  `OLD_VALUE` varchar(2000) default NULL,
  `NEW_VALUE` varchar(2000) default NULL
) ENGINE=MyISAM DEFAULT CHARSET=utf8 ROW_FORMAT=DYNAMIC;

#
# Dumping data for table do_log_data
#

LOCK TABLES `do_log_data` WRITE;
/*!40000 ALTER TABLE `do_log_data` DISABLE KEYS */;
INSERT INTO `do_log_data` VALUES ('2c90b186301b3bff01301b3c00560001','multi_tenancy',NULL,'aa',NULL,NULL,'增加租户','111',NULL,'2c90b186301b3bff01301b3bff7b0000',NULL,NULL,NULL);
INSERT INTO `do_log_data` VALUES ('40288036301d2a7501301d2a768d0001','multi_tenancy',NULL,'aa',NULL,NULL,'增加租户','家乐福',NULL,'40288036301d2a7501301d2a75060000',NULL,NULL,NULL);
INSERT INTO `do_log_data` VALUES ('40288036301d2a7501301d2ae3120003','multi_tenancy',NULL,'aa',NULL,NULL,'增加租户','wm',NULL,'40288036301d2a7501301d2ae2f30002',NULL,NULL,NULL);
INSERT INTO `do_log_data` VALUES ('40288036301d2a7501301d2c50ac0005','multi_tenancy',NULL,'aa',NULL,NULL,'增加租户','lotus',NULL,'40288036301d2a7501301d2c508d0004',NULL,NULL,NULL);
/*!40000 ALTER TABLE `do_log_data` ENABLE KEYS */;
UNLOCK TABLES;

#
# Source for table do_org_dept
#

DROP TABLE IF EXISTS `do_org_dept`;
CREATE TABLE `do_org_dept` (
  `objUid` varchar(32) NOT NULL,
  `dept_code` varchar(50) default NULL,
  `name` varchar(50) default NULL,
  `leader` varchar(32) default NULL,
  `tenancy_uid` varchar(255) default NULL,
  `type` int(11) default NULL,
  `order_num` int(11) default NULL,
  `location` varchar(100) default NULL,
  `tel` varchar(20) default NULL,
  `parentUid` varchar(32) default NULL,
  `note` varchar(255) default NULL
) ENGINE=MyISAM DEFAULT CHARSET=utf8 ROW_FORMAT=DYNAMIC;

#
# Dumping data for table do_org_dept
#

LOCK TABLES `do_org_dept` WRITE;
/*!40000 ALTER TABLE `do_org_dept` DISABLE KEYS */;
INSERT INTO `do_org_dept` VALUES ('4028803127b6f15a0127b7294a7a0004','pingtaibumen','平台部门','40288031278ed91501278ed915b30000',NULL,2,NULL,NULL,NULL,NULL,NULL);
INSERT INTO `do_org_dept` VALUES ('402880363025803e0130258741370003','001','采购','40288031278ed91501278ed915b30000',NULL,NULL,NULL,NULL,NULL,NULL,NULL);
INSERT INTO `do_org_dept` VALUES ('402880363025803e0130258a4cb20005','002','采购','40288031278ed91501278ed915b30000','40288036301d2a7501301d2a75060000',NULL,NULL,NULL,NULL,NULL,NULL);
/*!40000 ALTER TABLE `do_org_dept` ENABLE KEYS */;
UNLOCK TABLES;

#
# Source for table do_org_role
#

DROP TABLE IF EXISTS `do_org_role`;
CREATE TABLE `do_org_role` (
  `objUid` varchar(32) NOT NULL,
  `name` varchar(50) default NULL,
  `roleId` varchar(50) default NULL,
  `parentUid` bigint(20) default NULL,
  `tenancy_uid` varchar(255) default NULL,
  `degree` int(11) default NULL,
  `description` text,
  `creator` varchar(255) default NULL,
  `creatDate` datetime default NULL,
  `modifier` varchar(255) default NULL,
  `modifyDate` datetime default NULL,
  `mVersion` varchar(50) default NULL
) ENGINE=MyISAM DEFAULT CHARSET=utf8 ROW_FORMAT=DYNAMIC;

#
# Dumping data for table do_org_role
#

LOCK TABLES `do_org_role` WRITE;
/*!40000 ALTER TABLE `do_org_role` DISABLE KEYS */;
INSERT INTO `do_org_role` VALUES ('4028803127b6f15a0127b725c6930003','普通员工','putongyuangong',NULL,NULL,1,'普通员工',NULL,NULL,NULL,NULL,NULL);
INSERT INTO `do_org_role` VALUES ('40288031287fd27f01287fdb80af0001','部门经理','bumenjingli',NULL,NULL,NULL,'部门经理',NULL,NULL,NULL,NULL,NULL);
INSERT INTO `do_org_role` VALUES ('40288031287fd27f01287fdc23670002','副总经理','fuzongjingli',NULL,NULL,NULL,'副总经理',NULL,NULL,NULL,NULL,NULL);
INSERT INTO `do_org_role` VALUES ('40288031287fd27f01287fdc70100003','财务主管','caiwuzhuguan',NULL,NULL,NULL,NULL,NULL,NULL,NULL,NULL,NULL);
INSERT INTO `do_org_role` VALUES ('40288031287fd27f01287fe80c5a0009','总经理','zongjingli',NULL,NULL,NULL,'总经理',NULL,NULL,NULL,NULL,NULL);
INSERT INTO `do_org_role` VALUES ('40288031288a2b8501288a3d009d000d','系统管理员','system_manager',NULL,NULL,NULL,NULL,NULL,NULL,NULL,NULL,NULL);
INSERT INTO `do_org_role` VALUES ('402880363025df5f013025e0a7c00003','操作员','operator',NULL,'40288036301d2a7501301d2a75060000',1,'操作员',NULL,NULL,NULL,NULL,NULL);
INSERT INTO `do_org_role` VALUES ('402880363025df5f013025e0f5e00004','经理','manager',NULL,'40288036301d2a7501301d2a75060000',2,'manager',NULL,NULL,NULL,NULL,NULL);
INSERT INTO `do_org_role` VALUES ('402880363027aa1c013027bc581e0025','审批角色','shenpijuese',NULL,'40288036301d2a7501301d2c508d0004',1,NULL,NULL,NULL,NULL,NULL,NULL);
/*!40000 ALTER TABLE `do_org_role` ENABLE KEYS */;
UNLOCK TABLES;

#
# Source for table do_org_user
#

DROP TABLE IF EXISTS `do_org_user`;
CREATE TABLE `do_org_user` (
  `objuid` varchar(32) NOT NULL,
  `name` varchar(50) default NULL,
  `user_code` varchar(255) default NULL,
  `password` varchar(50) default NULL,
  `deptuid` varchar(255) default NULL,
  `tenancy_uid` varchar(32) default NULL,
  `gender` char(1) default NULL,
  `birthday` datetime default NULL,
  `email` varchar(50) default NULL,
  `telephone` varchar(50) default NULL,
  `mobile` varchar(50) default NULL,
  `address` varchar(50) default NULL,
  `creator` varchar(255) default NULL,
  `modifier` varchar(255) default NULL,
  `modifyDate` datetime default NULL,
  `mVersion` varchar(50) default NULL
) ENGINE=MyISAM DEFAULT CHARSET=utf8 ROW_FORMAT=FIXED;

#
# Dumping data for table do_org_user
#

LOCK TABLES `do_org_user` WRITE;
/*!40000 ALTER TABLE `do_org_user` DISABLE KEYS */;
INSERT INTO `do_org_user` VALUES ('40288031278ed91501278ed915b30000','yclh2','0005','c4ca4238a0b923820dcc509a6f75849b','402880363025803e0130258a4cb20005','40288036301d2a7501301d2c508d0004',NULL,NULL,'u@u.com',NULL,NULL,NULL,NULL,NULL,NULL,NULL);
INSERT INTO `do_org_user` VALUES ('40288031287fd27f012880415d96006c','w2m',NULL,'c4ca4238a0b923820dcc509a6f75849b',NULL,'40288036301d2a7501301d2ae2f30002',NULL,NULL,NULL,NULL,NULL,NULL,NULL,NULL,NULL,NULL);
INSERT INTO `do_org_user` VALUES ('40288031287fd27f01288045ecd3006e','yclh',NULL,'c4ca4238a0b923820dcc509a6f75849b',NULL,'40288036301d2a7501301d2c508d0004',NULL,NULL,NULL,NULL,NULL,NULL,NULL,NULL,NULL,NULL);
INSERT INTO `do_org_user` VALUES ('402880363025803e0130259dcdcc0006','jlf','jlf2','c4ca4238a0b923820dcc509a6f75849b','402880363025803e0130258a4cb20005','40288036301d2a7501301d2a75060000',NULL,NULL,NULL,NULL,NULL,NULL,NULL,NULL,NULL,NULL);
/*!40000 ALTER TABLE `do_org_user` ENABLE KEYS */;
UNLOCK TABLES;

#
# Source for table do_org_user_delegate
#

DROP TABLE IF EXISTS `do_org_user_delegate`;
CREATE TABLE `do_org_user_delegate` (
  `objuid` varchar(32) NOT NULL,
  `user_uid` varchar(50) default NULL,
  `delegate_uid` varchar(50) default NULL,
  `isValid` char(1) default NULL,
  `startTime` datetime default NULL,
  `endTime` datetime default NULL,
  `note` text,
  `creator` varchar(255) default NULL,
  `modifier` varchar(255) default NULL,
  `modifyDate` datetime default NULL,
  `mVersion` varchar(50) default NULL
) ENGINE=MyISAM DEFAULT CHARSET=utf8 ROW_FORMAT=DYNAMIC;

#
# Dumping data for table do_org_user_delegate
#

LOCK TABLES `do_org_user_delegate` WRITE;
/*!40000 ALTER TABLE `do_org_user_delegate` DISABLE KEYS */;
/*!40000 ALTER TABLE `do_org_user_delegate` ENABLE KEYS */;
UNLOCK TABLES;

#
# Source for table do_org_user_role
#

DROP TABLE IF EXISTS `do_org_user_role`;
CREATE TABLE `do_org_user_role` (
  `OBJUID` varchar(32) NOT NULL,
  `USER_UID` varchar(32) default NULL,
  `ROLE_UID` varchar(50) default NULL
) ENGINE=MyISAM DEFAULT CHARSET=utf8 ROW_FORMAT=DYNAMIC;

#
# Dumping data for table do_org_user_role
#

LOCK TABLES `do_org_user_role` WRITE;
/*!40000 ALTER TABLE `do_org_user_role` DISABLE KEYS */;
INSERT INTO `do_org_user_role` VALUES ('40288031287fd27f01288047ad6e0071','40288031287fd27f01288045ecd3006e','4028803127b6f15a0127b725c6930003');
INSERT INTO `do_org_user_role` VALUES ('40288031287fd27f01288047d1cf0072','40288031287fd27f012880469c2d006f','40288031287fd27f01287fe80c5a0009');
INSERT INTO `do_org_user_role` VALUES ('40288031287fd27f01288047f3de0073','40288031287fd27f012880472b4e0070','40288031287fd27f01287fdc23670002');
INSERT INTO `do_org_user_role` VALUES ('40288031287fd27f0128804811f50074','40288031287fd27f012880415d96006c','40288031287fd27f01287fdc70100003');
INSERT INTO `do_org_user_role` VALUES ('40288031288a2b8501288a3d2a1e000e','40288031278ed91501278ed915b30000','40288031288a2b8501288a3d009d000d');
INSERT INTO `do_org_user_role` VALUES ('402880363025df5f013025e1c2190006','402880363025803e0130259dcdcc0006','402880363025df5f013025e0f5e00004');
INSERT INTO `do_org_user_role` VALUES ('402880363027aa1c013027bce7cb0026','40288031278ed91501278ed915b30000','402880363027aa1c013027bc581e0025');
/*!40000 ALTER TABLE `do_org_user_role` ENABLE KEYS */;
UNLOCK TABLES;

#
# Source for table do_wfi_his_ni_dependency
#

DROP TABLE IF EXISTS `do_wfi_his_ni_dependency`;
CREATE TABLE `do_wfi_his_ni_dependency` (
  `objuid` varchar(32) NOT NULL,
  `Pre_NID_UID` varchar(32) default NULL,
  `Post_NID_UID` varchar(32) default NULL,
  `do_condition` varchar(255) default NULL
) ENGINE=MyISAM DEFAULT CHARSET=utf8 ROW_FORMAT=DYNAMIC;

#
# Dumping data for table do_wfi_his_ni_dependency
#

LOCK TABLES `do_wfi_his_ni_dependency` WRITE;
/*!40000 ALTER TABLE `do_wfi_his_ni_dependency` DISABLE KEYS */;
/*!40000 ALTER TABLE `do_wfi_his_ni_dependency` ENABLE KEYS */;
UNLOCK TABLES;

#
# Source for table do_wfi_his_nodeinstance
#

DROP TABLE IF EXISTS `do_wfi_his_nodeinstance`;
CREATE TABLE `do_wfi_his_nodeinstance` (
  `OBJUID` varchar(32) NOT NULL,
  `NodeName` varchar(255) NOT NULL,
  `NodeDesc` varchar(1000) default NULL,
  `nodeDate` datetime default NULL,
  `NodeType` tinyint(4) default NULL,
  `authType` int(11) default NULL,
  `nodeStateShow` varchar(255) default NULL,
  `nodeStateShowBack` varchar(255) default NULL,
  `spec_Name` varchar(255) default NULL,
  `ExeStatus` tinyint(4) default NULL,
  `DecisionExpression` varchar(500) default NULL,
  `PI_UID` varchar(50) NOT NULL,
  `scheduleOUUid` varchar(50) default NULL,
  `performerUid` varchar(50) default NULL,
  `node_uid` varchar(50) default NULL,
  `backType` tinyint(4) default NULL,
  `pass_txt` varchar(500) default NULL,
  `reject_txt` varchar(500) default NULL,
  `node_ext1` varchar(500) default NULL,
  `node_ext2` varchar(500) default NULL,
  `retNodeUID` varchar(50) default NULL
) ENGINE=MyISAM DEFAULT CHARSET=utf8 ROW_FORMAT=DYNAMIC;

#
# Dumping data for table do_wfi_his_nodeinstance
#

LOCK TABLES `do_wfi_his_nodeinstance` WRITE;
/*!40000 ALTER TABLE `do_wfi_his_nodeinstance` DISABLE KEYS */;
/*!40000 ALTER TABLE `do_wfi_his_nodeinstance` ENABLE KEYS */;
UNLOCK TABLES;

#
# Source for table do_wfi_his_processinstance
#

DROP TABLE IF EXISTS `do_wfi_his_processinstance`;
CREATE TABLE `do_wfi_his_processinstance` (
  `OBJUID` varchar(32) NOT NULL,
  `WFI_Name` varchar(255) NOT NULL,
  `PT_Name` varchar(255) NOT NULL,
  `WFI_Desc` varchar(2000) default NULL,
  `ExeStatus` tinyint(4) default NULL,
  `PT_UID` varchar(50) NOT NULL,
  `startUser` varchar(50) default NULL,
  `startTime` datetime default NULL,
  `curState` varchar(255) default NULL,
  `curStateTime` datetime default NULL,
  `curStateUser` varchar(50) default NULL,
  `rejectTxt` varchar(2000) default NULL,
  `instance_uid` varchar(50) default NULL,
  `instance2_uid` varchar(32) default NULL,
  `instance3_uid` varchar(32) default NULL
) ENGINE=MyISAM DEFAULT CHARSET=utf8 ROW_FORMAT=DYNAMIC;

#
# Dumping data for table do_wfi_his_processinstance
#

LOCK TABLES `do_wfi_his_processinstance` WRITE;
/*!40000 ALTER TABLE `do_wfi_his_processinstance` DISABLE KEYS */;
/*!40000 ALTER TABLE `do_wfi_his_processinstance` ENABLE KEYS */;
UNLOCK TABLES;

#
# Source for table do_wfi_his_varinstance
#

DROP TABLE IF EXISTS `do_wfi_his_varinstance`;
CREATE TABLE `do_wfi_his_varinstance` (
  `objuid` varchar(32) NOT NULL,
  `varName` varchar(255) NOT NULL,
  `varValue` varchar(255) default NULL,
  `pt_var_uid` varchar(32) default NULL,
  `PI_UID` varchar(32) NOT NULL,
  `bo_property_uid` varchar(32) default NULL,
  `instance_uid` varchar(100) default NULL
) ENGINE=MyISAM DEFAULT CHARSET=utf8 ROW_FORMAT=DYNAMIC;

#
# Dumping data for table do_wfi_his_varinstance
#

LOCK TABLES `do_wfi_his_varinstance` WRITE;
/*!40000 ALTER TABLE `do_wfi_his_varinstance` DISABLE KEYS */;
/*!40000 ALTER TABLE `do_wfi_his_varinstance` ENABLE KEYS */;
UNLOCK TABLES;

#
# Source for table do_wfi_ni_dependency
#

DROP TABLE IF EXISTS `do_wfi_ni_dependency`;
CREATE TABLE `do_wfi_ni_dependency` (
  `objuid` varchar(32) NOT NULL,
  `Pre_NID_UID` varchar(32) default NULL,
  `Post_NID_UID` varchar(32) default NULL,
  `do_condition` varchar(255) default NULL
) ENGINE=MyISAM DEFAULT CHARSET=utf8 ROW_FORMAT=DYNAMIC;

#
# Dumping data for table do_wfi_ni_dependency
#

LOCK TABLES `do_wfi_ni_dependency` WRITE;
/*!40000 ALTER TABLE `do_wfi_ni_dependency` DISABLE KEYS */;
/*!40000 ALTER TABLE `do_wfi_ni_dependency` ENABLE KEYS */;
UNLOCK TABLES;

#
# Source for table do_wfi_nodeinstance
#

DROP TABLE IF EXISTS `do_wfi_nodeinstance`;
CREATE TABLE `do_wfi_nodeinstance` (
  `OBJUID` varchar(32) NOT NULL,
  `NodeName` varchar(255) NOT NULL,
  `NodeDesc` varchar(1000) default NULL,
  `nodeDate` datetime default NULL,
  `NodeType` tinyint(4) default NULL,
  `authType` int(11) default NULL,
  `nodeStateShow` varchar(255) default NULL,
  `nodeStateShowBack` varchar(255) default NULL,
  `spec_Name` varchar(255) default NULL,
  `ExeStatus` tinyint(4) default NULL,
  `DecisionExpression` varchar(500) default NULL,
  `PI_UID` varchar(50) NOT NULL,
  `scheduleOUUid` varchar(50) default NULL,
  `performerUid` varchar(50) default NULL,
  `node_uid` varchar(50) default NULL,
  `backType` tinyint(4) default NULL,
  `pass_txt` varchar(500) default NULL,
  `reject_txt` varchar(500) default NULL,
  `node_ext1` varchar(500) default NULL,
  `node_ext2` varchar(500) default NULL,
  `retNodeUID` varchar(50) default NULL
) ENGINE=MyISAM DEFAULT CHARSET=utf8 ROW_FORMAT=DYNAMIC;

#
# Dumping data for table do_wfi_nodeinstance
#

LOCK TABLES `do_wfi_nodeinstance` WRITE;
/*!40000 ALTER TABLE `do_wfi_nodeinstance` DISABLE KEYS */;
/*!40000 ALTER TABLE `do_wfi_nodeinstance` ENABLE KEYS */;
UNLOCK TABLES;

#
# Source for table do_wfi_processinstance
#

DROP TABLE IF EXISTS `do_wfi_processinstance`;
CREATE TABLE `do_wfi_processinstance` (
  `OBJUID` varchar(32) NOT NULL,
  `WFI_Name` varchar(255) NOT NULL,
  `PT_Name` varchar(255) NOT NULL,
  `WFI_Desc` varchar(2000) default NULL,
  `ExeStatus` tinyint(4) default NULL,
  `PT_UID` varchar(50) NOT NULL,
  `startUser` varchar(50) default NULL,
  `startTime` datetime default NULL,
  `curState` varchar(255) default NULL,
  `curStateTime` datetime default NULL,
  `curStateUser` varchar(50) default NULL,
  `rejectTxt` varchar(2000) default NULL,
  `instance_uid` varchar(50) default NULL,
  `instance2_uid` varchar(32) default NULL,
  `instance3_uid` varchar(32) default NULL
) ENGINE=MyISAM DEFAULT CHARSET=utf8 ROW_FORMAT=DYNAMIC;

#
# Dumping data for table do_wfi_processinstance
#

LOCK TABLES `do_wfi_processinstance` WRITE;
/*!40000 ALTER TABLE `do_wfi_processinstance` DISABLE KEYS */;
/*!40000 ALTER TABLE `do_wfi_processinstance` ENABLE KEYS */;
UNLOCK TABLES;

#
# Source for table do_wfi_varinstance
#

DROP TABLE IF EXISTS `do_wfi_varinstance`;
CREATE TABLE `do_wfi_varinstance` (
  `objuid` varchar(32) NOT NULL,
  `varName` varchar(255) NOT NULL,
  `varValue` varchar(255) default NULL,
  `pt_var_uid` varchar(32) default NULL,
  `PI_UID` varchar(32) NOT NULL,
  `bo_property_uid` varchar(32) default NULL,
  `instance_uid` varchar(100) default NULL
) ENGINE=MyISAM DEFAULT CHARSET=utf8 ROW_FORMAT=DYNAMIC;

#
# Dumping data for table do_wfi_varinstance
#

LOCK TABLES `do_wfi_varinstance` WRITE;
/*!40000 ALTER TABLE `do_wfi_varinstance` DISABLE KEYS */;
/*!40000 ALTER TABLE `do_wfi_varinstance` ENABLE KEYS */;
UNLOCK TABLES;

#
# Source for table multi_tenancy
#

DROP TABLE IF EXISTS `multi_tenancy`;
CREATE TABLE `multi_tenancy` (
  `id` varchar(32) NOT NULL default '',
  `name` varchar(255) default NULL,
  `l10n` varchar(255) default NULL,
  `startDate` date default NULL,
  `note` varchar(10000) default NULL
) ENGINE=MyISAM DEFAULT CHARSET=utf8 ROW_FORMAT=DYNAMIC;

#
# Dumping data for table multi_tenancy
#

LOCK TABLES `multi_tenancy` WRITE;
/*!40000 ALTER TABLE `multi_tenancy` DISABLE KEYS */;
INSERT INTO `multi_tenancy` VALUES ('40288036301d2a7501301d2a75060000','carrefour','家乐福','2011-05-23','家乐福');
INSERT INTO `multi_tenancy` VALUES ('40288036301d2a7501301d2ae2f30002','wmt','沃尔玛','2011-05-03','沃尔玛');
INSERT INTO `multi_tenancy` VALUES ('40288036301d2a7501301d2c508d0004','lotus','易初莲花','2011-05-25',NULL);
/*!40000 ALTER TABLE `multi_tenancy` ENABLE KEYS */;
UNLOCK TABLES;

#
# Source for table multi_tenancy_column
#

DROP TABLE IF EXISTS `multi_tenancy_column`;
CREATE TABLE `multi_tenancy_column` (
  `id` varchar(32) NOT NULL default '',
  `col_name` varchar(255) default NULL,
  `tenancy_table_uid` varchar(32) default NULL,
  `type` varchar(32) default NULL,
  `real_col` varchar(32) default NULL
) ENGINE=MyISAM DEFAULT CHARSET=utf8 ROW_FORMAT=DYNAMIC;

#
# Dumping data for table multi_tenancy_column
#

LOCK TABLES `multi_tenancy_column` WRITE;
/*!40000 ALTER TABLE `multi_tenancy_column` DISABLE KEYS */;
INSERT INTO `multi_tenancy_column` VALUES ('402880363027796101302779f7ee0002','cardmoney','402880363027796101302779f6870001','DECIMAL2','c801');
INSERT INTO `multi_tenancy_column` VALUES ('4028803630247aae0130247c02c90003','cardmoney','4028803630247aae0130247c000a0001','DECIMAL2','c801');
INSERT INTO `multi_tenancy_column` VALUES ('402880363027796101302779f9460004','id','402880363027796101302779f6870001','varchar32','id');
INSERT INTO `multi_tenancy_column` VALUES ('4028803630247aae0130247c02e80004','cardno','4028803630247aae0130247c000a0001','VARCHAR128','c041');
INSERT INTO `multi_tenancy_column` VALUES ('4028803630247aae0130247c01710002','id','4028803630247aae0130247c000a0001','varchar32','id');
INSERT INTO `multi_tenancy_column` VALUES ('402880363027796101302779f9260003','cardno','402880363027796101302779f6870001','VARCHAR128','c041');
INSERT INTO `multi_tenancy_column` VALUES ('4028803630277e060130277e87980002','cardmoney','4028803630277e060130277e86020001','DECIMAL2','c801');
INSERT INTO `multi_tenancy_column` VALUES ('4028803630277e060130277e88b10003','cardno','4028803630277e060130277e86020001','VARCHAR128','c041');
INSERT INTO `multi_tenancy_column` VALUES ('4028803630277e060130277e88d00004','id','4028803630277e060130277e86020001','varchar32','id');
/*!40000 ALTER TABLE `multi_tenancy_column` ENABLE KEYS */;
UNLOCK TABLES;

#
# Source for table multi_tenancy_table
#

DROP TABLE IF EXISTS `multi_tenancy_table`;
CREATE TABLE `multi_tenancy_table` (
  `id` varchar(255) NOT NULL default '',
  `table_name` varchar(255) default NULL,
  `table_l10n` varchar(255) default NULL,
  `tenancy_uid` varchar(32) default NULL,
  `real_table` varchar(32) default NULL,
  `corr_view` varchar(255) default NULL
) ENGINE=MyISAM DEFAULT CHARSET=utf8 ROW_FORMAT=DYNAMIC;

#
# Dumping data for table multi_tenancy_table
#

LOCK TABLES `multi_tenancy_table` WRITE;
/*!40000 ALTER TABLE `multi_tenancy_table` DISABLE KEYS */;
INSERT INTO `multi_tenancy_table` VALUES ('4028803630247aae0130247c000a0001','carrefour_recharge',NULL,'40288036301d2a7501301d2a75060000','t001','carrefour_recharge');
INSERT INTO `multi_tenancy_table` VALUES ('4028803630277e060130277e86020001','wmt_recharge',NULL,'40288036301d2a7501301d2ae2f30002','t001','wmt_recharge');
INSERT INTO `multi_tenancy_table` VALUES ('402880363027796101302779f6870001','lotus_recharge',NULL,'40288036301d2a7501301d2c508d0004','t001','lotus_recharge');
/*!40000 ALTER TABLE `multi_tenancy_table` ENABLE KEYS */;
UNLOCK TABLES;

#
# Source for table t_expense
#

DROP TABLE IF EXISTS `t_expense`;
CREATE TABLE `t_expense` (
  `id` varchar(32) NOT NULL default '',
  `title` varchar(255) default NULL,
  `expense_man` varchar(32) NOT NULL default '',
  `expense_date` date default NULL,
  `expense_money` float NOT NULL default '0',
  `note` text
) ENGINE=MyISAM DEFAULT CHARSET=utf8 ROW_FORMAT=DYNAMIC;

#
# Dumping data for table t_expense
#

LOCK TABLES `t_expense` WRITE;
/*!40000 ALTER TABLE `t_expense` DISABLE KEYS */;
INSERT INTO `t_expense` VALUES ('402880363025c5c3013025cb7c41000c','2222','aa','2011-05-17',222,'2222');
INSERT INTO `t_expense` VALUES ('402880363025c5c3013025ccb686000d','333','aa','2011-05-04',2222,'22222');
INSERT INTO `t_expense` VALUES ('402880363025c5c3013025cd2435000e','123569','aa','2011-05-09',123569,'123569');
/*!40000 ALTER TABLE `t_expense` ENABLE KEYS */;
UNLOCK TABLES;

/*!40014 SET FOREIGN_KEY_CHECKS=@OLD_FOREIGN_KEY_CHECKS */;
/*!40014 SET UNIQUE_CHECKS=@OLD_UNIQUE_CHECKS */;
/*!40111 SET SQL_NOTES=@OLD_SQL_NOTES */;
/*!40101 SET SQL_MODE=@OLD_SQL_MODE */;
