# MySQL-Front 3.2  (Build 14.8)

/*!40103 SET @OLD_TIME_ZONE=@@TIME_ZONE */;
/*!40103 SET TIME_ZONE='SYSTEM' */;
/*!40101 SET @OLD_SQL_MODE=@@SQL_MODE */;
/*!40101 SET SQL_MODE='' */;
/*!40111 SET @OLD_SQL_NOTES=@@SQL_NOTES */;
/*!40103 SET SQL_NOTES='ON' */;


# Host: 127.0.0.1    Database: test
# ------------------------------------------------------
# Server version 5.0.24a-community-nt-log

/*!40101 SET NAMES utf8 */;

#
# Table structure for table do_auth_owner
#

DROP TABLE IF EXISTS `do_auth_owner`;
CREATE TABLE `do_auth_owner` (
  `objUid` varchar(32) default NULL,
  `whereDOBO` varchar(32) default NULL,
  `whereBOInstanceUid` varchar(32) default NULL,
  `authorUid` varchar(32) default NULL,
  `parterUid` varchar(32) default NULL,
  `creator` varchar(255) default NULL,
  `creatDate` datetime default NULL,
  `modifier` varchar(255) default NULL,
  `modifyDate` datetime default NULL,
  `mVersion` varchar(50) default NULL
) ENGINE=MyISAM DEFAULT CHARSET=utf8;

#
# Dumping data for table do_auth_owner
#


#
# Table structure for table do_auth_suite
#

DROP TABLE IF EXISTS `do_auth_suite`;
CREATE TABLE `do_auth_suite` (
  `objuid` varchar(32) default NULL,
  `name` varchar(100) default NULL,
  `l10n` varchar(300) default NULL,
  `suiteMainMenuUid` varchar(32) default NULL,
  `includeAuthTxt` varchar(50) default NULL,
  `extendConfig` varchar(500) default NULL,
  `includeType` int(11) default NULL,
  `includeUid` varchar(32) default NULL,
  `creator` varchar(255) default NULL,
  `creatDate` datetime default NULL,
  `modifier` varchar(255) default NULL,
  `modifyDate` datetime default NULL,
  `mVersion` varchar(50) default NULL
) ENGINE=MyISAM DEFAULT CHARSET=utf8;

#
# Dumping data for table do_auth_suite
#


#
# Table structure for table do_authorization
#

DROP TABLE IF EXISTS `do_authorization`;
CREATE TABLE `do_authorization` (
  `objUID` varchar(32) default NULL,
  `parterUid` varchar(32) default NULL,
  `ouUid` varchar(100) default NULL,
  `roleUid` varchar(32) default NULL,
  `whereDOBO` varchar(32) default NULL,
  `whereBOInstanceUid` varchar(32) default NULL,
  `whatType` int(11) default NULL,
  `whatUid` varchar(32) default NULL,
  `authority` char(1) default NULL,
  `isInherit` char(1) default NULL,
  `creator` varchar(255) default NULL,
  `creatDate` datetime default NULL,
  `modifier` varchar(255) default NULL,
  `modifyDate` datetime default NULL,
  `mVersion` varchar(50) default NULL
) ENGINE=MyISAM DEFAULT CHARSET=utf8;

#
# Dumping data for table do_authorization
#

INSERT INTO `do_authorization` VALUES ('402880312870acd1012870f1133a0001','9','4028803127b6f15a0127b725c6930003',NULL,NULL,NULL,110,'test_n12','1','1',NULL,NULL,NULL,NULL,NULL);
INSERT INTO `do_authorization` VALUES ('40288031287fd27f0128801f4bb9000a','9','40288031287fd27f01287fdc23670002',NULL,NULL,NULL,110,'tt2_n11','1','1',NULL,NULL,NULL,NULL,NULL);
INSERT INTO `do_authorization` VALUES ('40288031287fd27f0128801f849c000b','9','40288031287fd27f01287fe80c5a0009',NULL,NULL,NULL,110,'tt2_n12','1','1',NULL,NULL,NULL,NULL,NULL);
INSERT INTO `do_authorization` VALUES ('40288031287fd27f01287fdfd2a40005','9','4028803127b6f15a0127b725c6930003',NULL,NULL,NULL,110,'tt2_n6','1','1',NULL,NULL,NULL,NULL,NULL);
INSERT INTO `do_authorization` VALUES ('402880312870acd10128712bf8ae000e','9','4028803127b6f15a0127b725c6930003',NULL,NULL,NULL,110,'test_n7','1','1',NULL,NULL,NULL,NULL,NULL);
INSERT INTO `do_authorization` VALUES ('40288031287fd27f0128801fb3f9000c','9','40288031287fd27f01287fdc70100003',NULL,NULL,NULL,110,'tt2_n13','1','1',NULL,NULL,NULL,NULL,NULL);
INSERT INTO `do_authorization` VALUES ('40288031288512d70128852439e90004','9','4028803127b6f15a0127b725c6930003',NULL,NULL,NULL,16,'40288031287fd27f0128804a71510076','1','1',NULL,NULL,NULL,NULL,NULL);
INSERT INTO `do_authorization` VALUES ('40288031288512d7012885249bc00006','9','40288031287fd27f01287fdb80af0001',NULL,NULL,NULL,16,'40288031287fd27f0128804a71510076','1','1',NULL,NULL,NULL,NULL,NULL);
INSERT INTO `do_authorization` VALUES ('40288031288512d701288524b1d80007','9','40288031287fd27f01287fdc23670002',NULL,NULL,NULL,16,'40288031287fd27f0128804a71510076','1','1',NULL,NULL,NULL,NULL,NULL);
INSERT INTO `do_authorization` VALUES ('40288031288512d70128852572b70008','9','40288031287fd27f01287fdc70100003',NULL,NULL,NULL,16,'40288031287fd27f0128804a71510076','1','1',NULL,NULL,NULL,NULL,NULL);
INSERT INTO `do_authorization` VALUES ('40288031288512d70128852588620009','9','40288031287fd27f01287fe80c5a0009',NULL,NULL,NULL,16,'40288031287fd27f0128804a71510076','1','1',NULL,NULL,NULL,NULL,NULL);
INSERT INTO `do_authorization` VALUES ('40288031288512d701288525a57f000a','9','40288031287fd27f01287fdb80af0001',NULL,NULL,NULL,16,'40288031287fd27f0128804c9b550077','1','1',NULL,NULL,NULL,NULL,NULL);
INSERT INTO `do_authorization` VALUES ('40288031288512d701288525bbe6000b','9','40288031287fd27f01287fdc23670002',NULL,NULL,NULL,16,'40288031287fd27f0128804c9b550077','1','1',NULL,NULL,NULL,NULL,NULL);
INSERT INTO `do_authorization` VALUES ('40288031288512d701288525d4ec000c','9','40288031287fd27f01287fdc70100003',NULL,NULL,NULL,16,'40288031287fd27f0128804c9b550077','1','1',NULL,NULL,NULL,NULL,NULL);
INSERT INTO `do_authorization` VALUES ('40288031288512d70128852615cd000e','9','40288031287fd27f01287fe80c5a0009',NULL,NULL,NULL,16,'40288031287fd27f0128804c9b550077','1','1',NULL,NULL,NULL,NULL,NULL);
INSERT INTO `do_authorization` VALUES ('40288031288512d701288529a9c2000f','9','4028803127b6f15a0127b725c6930003',NULL,NULL,NULL,16,'402880312880f0bc012880f3b4cc0001','1','1',NULL,NULL,NULL,NULL,NULL);
INSERT INTO `do_authorization` VALUES ('40288031288a2b8501288a3652c60001','9','40288031287fd27f01287fdb80af0001',NULL,NULL,NULL,16,'402880312880f0bc012880f3b4cc0001','1','1',NULL,NULL,NULL,NULL,NULL);
INSERT INTO `do_authorization` VALUES ('40288031288a2b8501288a3660920002','9','40288031287fd27f01287fdc23670002',NULL,NULL,NULL,16,'402880312880f0bc012880f3b4cc0001','1','1',NULL,NULL,NULL,NULL,NULL);
INSERT INTO `do_authorization` VALUES ('40288031288a2b8501288a367a820003','9','40288031287fd27f01287fdc70100003',NULL,NULL,NULL,16,'402880312880f0bc012880f3b4cc0001','1','1',NULL,NULL,NULL,NULL,NULL);
INSERT INTO `do_authorization` VALUES ('40288031288a2b8501288a3685cd0004','9','40288031287fd27f01287fe80c5a0009',NULL,NULL,NULL,16,'402880312880f0bc012880f3b4cc0001','1','1',NULL,NULL,NULL,NULL,NULL);
INSERT INTO `do_authorization` VALUES ('40288031288a2b8501288a383e1c0007','9','4028803127b6f15a0127b725c6930003',NULL,NULL,NULL,16,'402880312880f0bc012880f413290002','1','1',NULL,NULL,NULL,NULL,NULL);
INSERT INTO `do_authorization` VALUES ('40288031288a2b8501288a384a220008','9','40288031287fd27f01287fdb80af0001',NULL,NULL,NULL,16,'402880312880f0bc012880f413290002','1','1',NULL,NULL,NULL,NULL,NULL);
INSERT INTO `do_authorization` VALUES ('40288031288a2b8501288a3858890009','9','40288031287fd27f01287fdc23670002',NULL,NULL,NULL,16,'402880312880f0bc012880f413290002','1','1',NULL,NULL,NULL,NULL,NULL);
INSERT INTO `do_authorization` VALUES ('40288031288a2b8501288a386cbd000a','9','40288031287fd27f01287fdc70100003',NULL,NULL,NULL,16,'402880312880f0bc012880f413290002','1','1',NULL,NULL,NULL,NULL,NULL);
INSERT INTO `do_authorization` VALUES ('40288031288a2b8501288a387960000b','9','40288031287fd27f01287fe80c5a0009',NULL,NULL,NULL,16,'402880312880f0bc012880f413290002','1','1',NULL,NULL,NULL,NULL,NULL);
INSERT INTO `do_authorization` VALUES ('40288031288a2b8501288a3d6812000f','9','40288031288a2b8501288a3d009d000d',NULL,NULL,NULL,16,'402880312788b836012788b844d10009','1','1',NULL,NULL,NULL,NULL,NULL);
INSERT INTO `do_authorization` VALUES ('40288031288a4cb701288a4ea76a0002','9','40288031288a2b8501288a3d009d000d',NULL,NULL,NULL,16,'402880312788b836012788b9b77c012c','1','1',NULL,NULL,NULL,NULL,NULL);
INSERT INTO `do_authorization` VALUES ('40288031288a4cb701288a4eb8fe0003','9','40288031288a2b8501288a3d009d000d',NULL,NULL,NULL,16,'402880312788b836012788ba043401ed','1','1',NULL,NULL,NULL,NULL,NULL);
INSERT INTO `do_authorization` VALUES ('40288031288a4cb701288a4ed4e20004','9','40288031288a2b8501288a3d009d000d',NULL,NULL,NULL,16,'40288031278f16d001278f43e525003c','1','1',NULL,NULL,NULL,NULL,NULL);
INSERT INTO `do_authorization` VALUES ('40288031288a4cb701288a4ee4c10005','9','40288031288a2b8501288a3d009d000d',NULL,NULL,NULL,16,'40288031278904920127890492720000','1','1',NULL,NULL,NULL,NULL,NULL);
INSERT INTO `do_authorization` VALUES ('40288031288a4cb701288a4ef4af0006','9','40288031288a2b8501288a3d009d000d',NULL,NULL,NULL,16,'40288031278a406e01278a6bb9ce005d','1','1',NULL,NULL,NULL,NULL,NULL);
INSERT INTO `do_authorization` VALUES ('40288031288a4cb701288a4f02d80007','9','40288031288a2b8501288a3d009d000d',NULL,NULL,NULL,16,'402880312793120d01279318032e0260','1','1',NULL,NULL,NULL,NULL,NULL);

#
# Table structure for table do_log
#

DROP TABLE IF EXISTS `do_log`;
CREATE TABLE `do_log` (
  `objuid` varchar(32) default NULL,
  `userName` varchar(50) default NULL,
  `deptName` varchar(255) default NULL,
  `loginTime` datetime default NULL,
  `logoffTime` datetime default NULL,
  `ip` varchar(50) default NULL,
  `sessionid` varchar(50) default NULL
) ENGINE=MyISAM DEFAULT CHARSET=utf8;

#
# Dumping data for table do_log
#

INSERT INTO `do_log` VALUES ('4028803127b256420127b25642d00000','a',NULL,'2010-03-31 11:49:10',NULL,'127.0.0.1','474B28AD3D686E7CBE3CA33963146004');
INSERT INTO `do_log` VALUES ('4028803127b27fc50127b27fc5090000','a',NULL,'2010-03-31 12:34:30',NULL,'127.0.0.1','CD0CC32B31F96AD0421D5FB5B46742B2');
INSERT INTO `do_log` VALUES ('4028803127b27fc50127b28241ff0002','a',NULL,'2010-03-31 12:37:13',NULL,'127.0.0.1','4CA081CED5079CD1986C3B4551F57FC0');
INSERT INTO `do_log` VALUES ('4028803127b2bcd70127b2bcd7110000','a',NULL,'2010-03-31 13:41:12','2010-03-31 14:11:52','127.0.0.1','6DC2075882D11FF1228777E24C4B4C13');
INSERT INTO `do_log` VALUES ('4028803127b2bcd70127b31b2ebd0001','a',NULL,'2010-03-31 15:24:15',NULL,'127.0.0.1','FE7679A2F7EA99D89E8DDA8CB0B86733');
INSERT INTO `do_log` VALUES ('4028803127b6f15a0127b6f15a780000','a',NULL,'2010-04-01 09:17:03','2010-04-01 09:51:35','127.0.0.1','4025300F0A0B4BD33E7D9ED1D3AFF554');
INSERT INTO `do_log` VALUES ('4028803127b6f15a0127b724f47e0001','a',NULL,'2010-04-01 10:13:24',NULL,'127.0.0.1','11C0EC6FE718B5CD341F80C5E945D846');
INSERT INTO `do_log` VALUES ('4028803127b6f15a0127b725896b0002','u',NULL,'2010-04-01 10:14:02',NULL,'127.0.0.1','11C0EC6FE718B5CD341F80C5E945D846');
INSERT INTO `do_log` VALUES ('4028803127b745190127b74519210000','a',NULL,'2010-04-01 10:48:31',NULL,'127.0.0.1','8ECC90175EF84BF6ECAD163CFE5915A6');
INSERT INTO `do_log` VALUES ('4028803127bd1e550127bd1e55ea0000','a',NULL,'2010-04-02 14:03:54','2010-04-02 14:42:47','127.0.0.1','107FE8D2499431E899DB8817042180E4');
INSERT INTO `do_log` VALUES ('4028803127bd56eb0127bd56eb350000','a',NULL,'2010-04-02 15:05:42',NULL,'127.0.0.1','12AEE02F39D060AA18E8BEFA4BA1F417');
INSERT INTO `do_log` VALUES ('4028803127bdcbab0127bdcbabc10000','a',NULL,'2010-04-02 17:13:13',NULL,'127.0.0.1','31DFD54D530169C6C1EEEABC49DDF78E');
INSERT INTO `do_log` VALUES ('4028803127bdd8250127bdd8256c0000','a',NULL,'2010-04-02 17:26:51',NULL,'127.0.0.1','52A84CCD3BC599C549B8AFFE89B78DA6');
INSERT INTO `do_log` VALUES ('4028803127d0cfff0127d0cfff810000','a',NULL,'2010-04-06 09:50:44',NULL,'127.0.0.1','2A4720C04BCE1D01ECE046803419DF18');
INSERT INTO `do_log` VALUES ('4028803127d0da9b0127d0da9b140000','a',NULL,'2010-04-06 10:02:19',NULL,'127.0.0.1','40B81AF29BD390D454C9BDD7D0271381');
INSERT INTO `do_log` VALUES ('4028803127d0e5600127d0e5600a0000','a',NULL,'2010-04-06 10:14:05',NULL,'127.0.0.1','53A2F38237BC36ADA49272F6D380E4E3');
INSERT INTO `do_log` VALUES ('4028803127d0e5600127d0e586bc0001','a',NULL,'2010-04-06 10:14:15',NULL,'127.0.0.1','53A2F38237BC36ADA49272F6D380E4E3');
INSERT INTO `do_log` VALUES ('4028803127d0ea6a0127d0ea6acf0000','a',NULL,'2010-04-06 10:19:36',NULL,'127.0.0.1','5180D95551BF4895EF13CAE3EBE67DC4');
INSERT INTO `do_log` VALUES ('4028803127d0ec050127d0ec05840000','a',NULL,'2010-04-06 10:21:21',NULL,'127.0.0.1','CB097D37B1BEC4017255F62B383893EC');
INSERT INTO `do_log` VALUES ('4028803127d0f38a0127d0f38a230000','a',NULL,'2010-04-06 10:29:33',NULL,'127.0.0.1','0A9A93D330A44826D6A87B99C77D2FF4');
INSERT INTO `do_log` VALUES ('4028803127d0f9e60127d0f9e6400000','a',NULL,'2010-04-06 10:36:30',NULL,'127.0.0.1','3FFA88634D03E6166BC759D64E0231A2');
INSERT INTO `do_log` VALUES ('4028803127d0fb4c0127d0fb4c290000',NULL,NULL,'2010-04-06 10:38:02',NULL,'127.0.0.1','19093948512AD7D6F6FA727F28718C1A');
INSERT INTO `do_log` VALUES ('4028803127d0fbe80127d0fbe8f50000',NULL,NULL,'2010-04-06 10:38:42',NULL,'127.0.0.1','E1DA9B00C52457FBAE070207F4BA4E6D');
INSERT INTO `do_log` VALUES ('4028803127d0fd150127d0fd15020000','a',NULL,'2010-04-06 10:39:59',NULL,'127.0.0.1','3602799D0B7B2C325A4FA90BD20B02C7');
INSERT INTO `do_log` VALUES ('4028803127d13bff0127d13bff350000','a',NULL,'2010-04-06 11:48:42',NULL,'127.0.0.1','977CE9E6ED646BF837C368B439E4EF14');
INSERT INTO `do_log` VALUES ('4028803127d1bb2a0127d1bb2adf0000','a',NULL,'2010-04-06 14:07:36',NULL,'127.0.0.1','11E8564321A0264102AEE2406B8743FC');
INSERT INTO `do_log` VALUES ('4028803127d1c5360127d1c536d50000','a',NULL,'2010-04-06 14:18:35',NULL,'127.0.0.1','1BC78FC11A02CED6F017BC7F06EB6CC7');
INSERT INTO `do_log` VALUES ('4028803127d1ca4b0127d1ca4b010000','a',NULL,'2010-04-06 14:24:07',NULL,'127.0.0.1','BB8D3F3F13F85E3538AEB5501E457D3F');
INSERT INTO `do_log` VALUES ('4028803127d1f2880127d1f288a40000','a',NULL,'2010-04-06 15:08:05',NULL,'127.0.0.1','05EF698415A12F2C95A27A8C3DEC6113');
INSERT INTO `do_log` VALUES ('4028803127d1fb0f0127d1fb100d0000','a',NULL,'2010-04-06 15:17:24',NULL,'127.0.0.1','3F8D134FBB0F169E65485D948EDCE364');
INSERT INTO `do_log` VALUES ('4028803127d1fd590127d1fd59610000','a',NULL,'2010-04-06 15:19:54',NULL,'127.0.0.1','82D41520801DE62952A5EA5C8567E851');
INSERT INTO `do_log` VALUES ('4028803127d20d5f0127d20d5fac0000','a',NULL,'2010-04-06 15:37:24',NULL,'127.0.0.1','5BC9DCBE95390546EC591A5F1E25C3C5');
INSERT INTO `do_log` VALUES ('4028803127d213da0127d213da2e0000','a',NULL,'2010-04-06 15:44:28',NULL,'127.0.0.1','A2AE4070A2F32D9359164004463FCD9A');
INSERT INTO `do_log` VALUES ('4028803127d216570127d21657440000','a',NULL,'2010-04-06 15:47:11',NULL,'127.0.0.1','01846B8425E6C97B869E740F8A86BD21');
INSERT INTO `do_log` VALUES ('4028803127d226a60127d226a6ce0000','a',NULL,'2010-04-06 16:05:00',NULL,'127.0.0.1','674557B4831E114E898FB8BA8D053B6E');
INSERT INTO `do_log` VALUES ('4028803127d22c4a0127d22c4a870000','wkx',NULL,'2010-04-06 16:11:10',NULL,'127.0.0.1','32DFAA078721719D3216BB430F410C78');
INSERT INTO `do_log` VALUES ('4028803127d22c4a0127d22ca8570001','wkx',NULL,'2010-04-06 16:11:34',NULL,'127.0.0.1','32DFAA078721719D3216BB430F410C78');
INSERT INTO `do_log` VALUES ('4028803127d24d5a0127d24d5ab30000','a',NULL,'2010-04-06 16:47:17','2010-04-06 17:18:54','127.0.0.1','20B382EEAAF7623E6BB4A5B09CC02A1B');
INSERT INTO `do_log` VALUES ('4028803127d24d5a0127d24dca070001','wkx',NULL,'2010-04-06 16:47:45','2010-04-06 17:18:54','127.0.0.1','20B382EEAAF7623E6BB4A5B09CC02A1B');
INSERT INTO `do_log` VALUES ('4028803127d24d5a0127d276ff970002','a',NULL,'2010-04-06 17:32:46','2010-04-06 18:03:01','127.0.0.1','80DC53F221A3A72886F4E0E986B6E3A7');
INSERT INTO `do_log` VALUES ('4028803127d5ca7c0127d5ca7cea0000','a',NULL,'2010-04-07 09:02:49',NULL,'127.0.0.1','219202D6F14DAB280F8BBC3F5FFE81FF');
INSERT INTO `do_log` VALUES ('4028803127d5cfca0127d5cfca270000','a',NULL,'2010-04-07 09:08:37','2010-04-07 09:40:31','127.0.0.1','5DC140FEAB7E3954C62CE5EEAA311504');
INSERT INTO `do_log` VALUES ('4028803127db07ea0127db07ea010000','a',NULL,'2010-04-08 09:28:01','2010-04-08 10:00:45','127.0.0.1','9B11DC5B551172FF14420EC97ED607F9');
INSERT INTO `do_log` VALUES ('4028803127db07ea0127db5e4aeb0001','a',NULL,'2010-04-08 11:02:22','2010-04-08 12:03:03','127.0.0.1','0D3E0DB1D649971768E6DD83553AAADB');
INSERT INTO `do_log` VALUES ('4028803127db07ea0127dc0a03db0002','a',NULL,'2010-04-08 14:09:56','2010-04-08 14:40:28','127.0.0.1','855D1BEA083585DE1FE27431C5D575CB');
INSERT INTO `do_log` VALUES ('4028803127efaf7c0127efaf7c890000','a',NULL,'2010-04-12 09:43:27','2010-04-12 10:45:12','127.0.0.1','3FD47BA61763EA9939323DF4B9E9A77C');
INSERT INTO `do_log` VALUES ('4028803127efaf7c0127efcf269d0001','a',NULL,'2010-04-12 10:18:02','2010-04-12 11:47:21','192.168.0.179','B7E4B10EFFD19F19E020B4AB692E0DF0');
INSERT INTO `do_log` VALUES ('40288031284c200501284c2005cf0000',NULL,NULL,'2010-04-30 08:31:26',NULL,'greenChannel',NULL);
INSERT INTO `do_log` VALUES ('40288031284c212601284c2126720000',NULL,NULL,'2010-04-30 08:32:40',NULL,'greenChannel',NULL);
INSERT INTO `do_log` VALUES ('40288031284c4cec01284c4cec800000',NULL,NULL,'2010-04-30 09:20:29',NULL,'greenChannel',NULL);
INSERT INTO `do_log` VALUES ('40288031284c7c6101284c7c612f0000',NULL,NULL,'2010-04-30 10:12:19',NULL,'greenChannel',NULL);
INSERT INTO `do_log` VALUES ('40288031284c7d3701284c7d37a90000',NULL,NULL,'2010-04-30 10:13:14',NULL,'greenChannel',NULL);
INSERT INTO `do_log` VALUES ('40288031284c7e0d01284c7e0dd50000',NULL,NULL,'2010-04-30 10:14:09',NULL,'greenChannel',NULL);
INSERT INTO `do_log` VALUES ('40288031284c9bbf01284c9bbf070000',NULL,NULL,'2010-04-30 10:46:35',NULL,'greenChannel',NULL);
INSERT INTO `do_log` VALUES ('40288031284c9cf001284c9cf0b10000',NULL,NULL,'2010-04-30 10:47:53',NULL,'greenChannel',NULL);
INSERT INTO `do_log` VALUES ('40288031284cb2a201284cb2a2480000',NULL,NULL,'2010-04-30 11:11:35',NULL,'greenChannel',NULL);
INSERT INTO `do_log` VALUES ('40288031284cd26601284cd266ab0000','a',NULL,'2010-04-30 11:46:16',NULL,'127.0.0.1','5231390EED6B4D1CACBA0927862E0DDF');
INSERT INTO `do_log` VALUES ('40288031286250a301286250a39a0000','a',NULL,'2010-05-04 15:56:11',NULL,'127.0.0.1','F079730FC75AAC88732BF822FF6C3B02');
INSERT INTO `do_log` VALUES ('4028803128625f000128625f00e90000','a',NULL,'2010-05-04 16:11:52',NULL,'127.0.0.1','856D38CA4AB17F2D37345EEB15030DF3');
INSERT INTO `do_log` VALUES ('402880312862a1b2012862a1b2e30000','a',NULL,'2010-05-04 17:24:43',NULL,'127.0.0.1','24BC0C18045C872C1089655236594F6D');
INSERT INTO `do_log` VALUES ('402880312866211301286621139f0000','a',NULL,'2010-05-05 09:42:43',NULL,'127.0.0.1','DCC7561A8DB479FC20984A6F32F5B9B0');
INSERT INTO `do_log` VALUES ('40288031286b739901286b7399970000','a',NULL,'2010-05-06 10:30:57','2010-05-06 11:01:12','127.0.0.1','6D29D67BF72C678F0439B2F3BF7686DF');
INSERT INTO `do_log` VALUES ('40288031286b739901286ba085870001','a',NULL,'2010-05-06 11:20:01',NULL,'127.0.0.1','AE7BC9DB4AAA7FEE25C649D2BC6F6349');
INSERT INTO `do_log` VALUES ('40288031286bcfc301286bcfc3670000','a',NULL,'2010-05-06 12:11:37','2010-05-06 12:42:52','127.0.0.1','944C88C7922A15C14E6158FAC3AE5C54');
INSERT INTO `do_log` VALUES ('40288031286bcfc301286bcfe7c70001','a',NULL,'2010-05-06 12:11:47','2010-05-06 12:42:52','127.0.0.1','944C88C7922A15C14E6158FAC3AE5C54');
INSERT INTO `do_log` VALUES ('40288031286bcfc301286bd118390002','a',NULL,'2010-05-06 12:13:04','2010-05-06 12:53:54','127.0.0.1','DD24CBA7F6C0FECB6A09EE52F24FB36B');
INSERT INTO `do_log` VALUES ('40288031286bcfc301286c46a2eb0003','a',NULL,'2010-05-06 14:21:28',NULL,'127.0.0.1','9025436D4769CB3941C542FBFE0F7CE9');
INSERT INTO `do_log` VALUES ('40288031286bcfc301286c46b3660004','a',NULL,'2010-05-06 14:21:32',NULL,'127.0.0.1','9025436D4769CB3941C542FBFE0F7CE9');
INSERT INTO `do_log` VALUES ('40288031286ca2ca01286ca2ca790000','a',NULL,'2010-05-06 16:02:07',NULL,'127.0.0.1','97DC7B2A21F4111D532DCDD9E6BA24F3');
INSERT INTO `do_log` VALUES ('40288031286cad5c01286cad5cd50000','a',NULL,'2010-05-06 16:13:40','2010-05-06 17:04:32','127.0.0.1','CF33FA0057ABA3CA3903679CF97336F0');
INSERT INTO `do_log` VALUES ('40288031286cad5c0128708484a30002',NULL,NULL,'2010-05-07 10:07:32',NULL,'127.0.0.1','664C9654995BA36F33594FCB954FF254');
INSERT INTO `do_log` VALUES ('402880312870acd1012870acd11b0000','a',NULL,'2010-05-07 10:51:33','2010-05-07 13:01:52','127.0.0.1','9F0C52AFCEE07E800ABCDAC496B49008');
INSERT INTO `do_log` VALUES ('402880312870acd10128712bca1c000d','a',NULL,'2010-05-07 13:10:14','2010-05-07 13:40:59','127.0.0.1','9FEBBF0162304A60A3DD3C2605E1C378');
INSERT INTO `do_log` VALUES ('402880312870acd101287177b50c000f','a',NULL,'2010-05-07 14:33:10','2010-05-07 15:11:15','127.0.0.1','CBF82F925BBE4060E280C22B15482E89');
INSERT INTO `do_log` VALUES ('40288031287fd27f01287fd27fff0000','a',NULL,'2010-05-10 09:27:01','2010-05-10 11:29:19','127.0.0.1','3645ECF7B131391ED488B34CAB9CA06F');
INSERT INTO `do_log` VALUES ('40288031287fd27f01287fde06fc0004','a',NULL,'2010-05-10 09:39:36','2010-05-10 11:29:19','127.0.0.1','3645ECF7B131391ED488B34CAB9CA06F');
INSERT INTO `do_log` VALUES ('40288031287fd27f01288042b0e1006d','a',NULL,'2010-05-10 11:29:33','2010-05-10 12:52:14','127.0.0.1','41FBE3D9DB722471A4E7EED7F523EF79');
INSERT INTO `do_log` VALUES ('402880312880e29b012880e29b9a0000','a',NULL,'2010-05-10 14:24:14',NULL,'127.0.0.1','87D083C4684567CA03959703BD8A484E');
INSERT INTO `do_log` VALUES ('402880312880f0bc012880f0bcda0000','a',NULL,'2010-05-10 14:39:40','2010-05-10 15:56:02','127.0.0.1','927C4EF3122D65A794D731548CDCDEE2');
INSERT INTO `do_log` VALUES ('4028803128815b530128815b53790000','a',NULL,'2010-05-10 16:36:05',NULL,'127.0.0.1','DFAEB7EA5C62F1A7DC045651BB2F7397');
INSERT INTO `do_log` VALUES ('4028803128815b5301288166889d0001','u',NULL,'2010-05-10 16:48:20',NULL,'127.0.0.1','DFAEB7EA5C62F1A7DC045651BB2F7397');
INSERT INTO `do_log` VALUES ('40288031288512d701288512d7980000','a',NULL,'2010-05-11 09:55:24',NULL,'127.0.0.1','6D46159E4A63EED9CFC42AF8231F8F79');
INSERT INTO `do_log` VALUES ('40288031288512d70128851e18e10001','a',NULL,'2010-05-11 10:07:41',NULL,'127.0.0.1','E4A1C1C7E37E6F9753FBC57323E7E9F4');
INSERT INTO `do_log` VALUES ('40288031288512d701288522f60f0002','u',NULL,'2010-05-11 10:13:00',NULL,'127.0.0.1','6D46159E4A63EED9CFC42AF8231F8F79');
INSERT INTO `do_log` VALUES ('40288031288512d70128852314650003','u',NULL,'2010-05-11 10:13:08',NULL,'127.0.0.1','6D46159E4A63EED9CFC42AF8231F8F79');
INSERT INTO `do_log` VALUES ('40288031288a2b8501288a2b85360000','a',NULL,'2010-05-12 09:40:27','2010-05-12 09:57:59','127.0.0.1','6062DCEFD5AB7EDE8990246F35BC1CF5');
INSERT INTO `do_log` VALUES ('40288031288a2b8501288a3bcc34000c','xw',NULL,'2010-05-12 09:58:14','2010-05-12 10:00:30','127.0.0.1','095EFDBA477491D1DFD9102233DE9095');
INSERT INTO `do_log` VALUES ('40288031288a2b8501288a472c8f0010','xw',NULL,'2010-05-12 10:10:39',NULL,'127.0.0.1','2C65E6BC218C25E68DD424B273AB967D');
INSERT INTO `do_log` VALUES ('40288031288a4cb701288a4cb7cf0000','xw',NULL,'2010-05-12 10:16:43','2010-05-12 10:47:33','127.0.0.1','FD2864EC9247D53C69D93174DC8804FE');
INSERT INTO `do_log` VALUES ('40288031288a4cb701288a4d6b210001','a',NULL,'2010-05-12 10:17:29','2010-05-12 11:29:40','127.0.0.1','4A61156A0C19CC5198CCA7D5DE488261');
INSERT INTO `do_log` VALUES ('40288031288a4cb701288a500dd00008','xw',NULL,'2010-05-12 10:20:21','2010-05-12 11:29:40','127.0.0.1','4A61156A0C19CC5198CCA7D5DE488261');
INSERT INTO `do_log` VALUES ('40288031288a4cb701288a7359460009','a',NULL,'2010-05-12 10:58:54','2010-05-12 11:29:40','127.0.0.1','0A0E8529476C7D87029DD46D7F7C88A7');
INSERT INTO `do_log` VALUES ('40288031288a4cb701288a948ba0000a','a',NULL,'2010-05-12 11:35:10',NULL,'127.0.0.1','790BDE67465BE83D74E4A8C468BD9363');
INSERT INTO `do_log` VALUES ('40288031288a4cb701288a95862d000b','xw',NULL,'2010-05-12 11:36:14',NULL,'127.0.0.1','790BDE67465BE83D74E4A8C468BD9363');
INSERT INTO `do_log` VALUES ('40288031288a4cb701288a965aa3000c','u',NULL,'2010-05-12 11:37:09',NULL,'127.0.0.1','790BDE67465BE83D74E4A8C468BD9363');
INSERT INTO `do_log` VALUES ('40288031288a4cb701288a979c3b000f','xw',NULL,'2010-05-12 11:38:31',NULL,'127.0.0.1','790BDE67465BE83D74E4A8C468BD9363');
INSERT INTO `do_log` VALUES ('40288031288a9f4701288a9f47bc0000','a',NULL,'2010-05-12 11:46:54',NULL,'127.0.0.1','978A1F55B49FEFDD98E8C683DAE19A42');
INSERT INTO `do_log` VALUES ('40288031288a9f4701288aa0200b0001','xw',NULL,'2010-05-12 11:47:49',NULL,'127.0.0.1','978A1F55B49FEFDD98E8C683DAE19A42');
INSERT INTO `do_log` VALUES ('40288031288b267b01288b267b100000','a',NULL,'2010-05-12 14:14:34',NULL,'127.0.0.1','8CEB85BFA9F4524892D7F8F0D22B94AB');
INSERT INTO `do_log` VALUES ('40288031288b267b01288b27ce4b0001','xw',NULL,'2010-05-12 14:16:01',NULL,'127.0.0.1','8CEB85BFA9F4524892D7F8F0D22B94AB');
INSERT INTO `do_log` VALUES ('40288031288b267b01288b35b3f9000c','xw',NULL,'2010-05-12 14:31:12',NULL,'127.0.0.1','8CEB85BFA9F4524892D7F8F0D22B94AB');
INSERT INTO `do_log` VALUES ('40288031288b672301288b6723000000','xw',NULL,'2010-05-12 15:25:11',NULL,'127.0.0.1','5334B05F2B0FF20E5E06B6FA716DC0B0');
INSERT INTO `do_log` VALUES ('40288031288f3e8501288f3e85760000','a',NULL,'2010-05-13 09:19:18',NULL,'127.0.0.1','8C06F3C0472A077B659F61E0E2298E27');
INSERT INTO `do_log` VALUES ('40288031288f7eb901288f7eb9150000','xw',NULL,'2010-05-13 10:29:26',NULL,'127.0.0.1','B5F92743D13D4C11DE732A7CD3D4864E');
INSERT INTO `do_log` VALUES ('40288031288f7eb901288f8671d40006','a',NULL,'2010-05-13 10:37:52',NULL,'127.0.0.1','6D6D501DEA2395A4084E4239DF07CC2B');
INSERT INTO `do_log` VALUES ('40288031288f7eb901288f89c7e50007','xw',NULL,'2010-05-13 10:41:31',NULL,'127.0.0.1','6D6D501DEA2395A4084E4239DF07CC2B');
INSERT INTO `do_log` VALUES ('40288031288f900001288f90004d0000','a',NULL,'2010-05-13 10:48:18',NULL,'127.0.0.1','F70148599C23F88E5183552E80995C05');
INSERT INTO `do_log` VALUES ('40288031288f900001288f905a440001','xw',NULL,'2010-05-13 10:48:41',NULL,'127.0.0.1','F70148599C23F88E5183552E80995C05');
INSERT INTO `do_log` VALUES ('40288031288fc5ba01288fc5ba830000','a',NULL,'2010-05-13 11:46:59',NULL,'127.0.0.1','639B0710E1E01355BCF2BB4EFE61E719');
INSERT INTO `do_log` VALUES ('40288031288feaaa01288feaaaef0000','a',NULL,'2010-05-13 12:27:20',NULL,'127.0.0.1','9D5F6CE57C479B31E50138E0FBF0C2F1');
INSERT INTO `do_log` VALUES ('40288031288feaaa01288febb74e0001','xw',NULL,'2010-05-13 12:28:29',NULL,'127.0.0.1','9D5F6CE57C479B31E50138E0FBF0C2F1');
INSERT INTO `do_log` VALUES ('40288031288ff46c01288ff46c4f0000','xw',NULL,'2010-05-13 12:38:00',NULL,'127.0.0.1','65456D191B673A9972BCB7BFBFCB56A3');
INSERT INTO `do_log` VALUES ('40288031288ff61301288ff6130a0000','a',NULL,'2010-05-13 12:39:48',NULL,'127.0.0.1','71E2044E132CDBB6BAF9C6A4A058ADA7');
INSERT INTO `do_log` VALUES ('40288031288ff61301288ff61e450001','a',NULL,'2010-05-13 12:39:51',NULL,'127.0.0.1','71E2044E132CDBB6BAF9C6A4A058ADA7');
INSERT INTO `do_log` VALUES ('40288031288ff61301288ff630560002','a',NULL,'2010-05-13 12:39:55',NULL,'127.0.0.1','71E2044E132CDBB6BAF9C6A4A058ADA7');
INSERT INTO `do_log` VALUES ('40288031289042340128904234b90000','xw',NULL,'2010-05-13 14:02:57',NULL,'127.0.0.1','C4994ACC11AAAC166978B653C9E8CF15');
INSERT INTO `do_log` VALUES ('40288031289051680128905168050000','a',NULL,'2010-05-13 14:19:33',NULL,'127.0.0.1','A8DEDC208B37A5853EEC8767DA584FBC');
INSERT INTO `do_log` VALUES ('402880312890516801289051de4e0001','xw',NULL,'2010-05-13 14:20:04',NULL,'127.0.0.1','A8DEDC208B37A5853EEC8767DA584FBC');
INSERT INTO `do_log` VALUES ('4028803128905be20128905be2b30000','xw',NULL,'2010-05-13 14:31:00',NULL,'127.0.0.1','806CCA1E9B49B049C4A62980B3F985E7');
INSERT INTO `do_log` VALUES ('402880312890d0bc012890d0bc550000','a',NULL,'2010-05-13 16:38:38','2010-05-13 17:17:36','127.0.0.1','F75DCE7F2F1663E39495A73462E9D3CD');
INSERT INTO `do_log` VALUES ('40288023289448da01289448da2f0000','a',NULL,'2010-05-14 08:48:42',NULL,'127.0.0.1','1438BA9D590346D103303635E4D2318C');
INSERT INTO `do_log` VALUES ('40288023289448da0128944a2e260001','xw',NULL,'2010-05-14 08:50:09',NULL,'127.0.0.1','1438BA9D590346D103303635E4D2318C');
INSERT INTO `do_log` VALUES ('40288023289448da0128944bc9e40005','a',NULL,'2010-05-14 08:51:54',NULL,'127.0.0.1','8BA97C3AF9D697A97357467F2DE68050');
INSERT INTO `do_log` VALUES ('4028802328946a950128946a95dd0000','a',NULL,'2010-05-14 09:25:32',NULL,'127.0.0.1','210EAA87B85B3E4C9DEBFE9304E8AD5B');
INSERT INTO `do_log` VALUES ('4028802328946a950128947a4c720001','xw',NULL,'2010-05-14 09:42:42',NULL,'127.0.0.1','210EAA87B85B3E4C9DEBFE9304E8AD5B');
INSERT INTO `do_log` VALUES ('40288023289490d601289490d6390000','xw',NULL,'2010-05-14 10:07:19',NULL,'127.0.0.1','DB4639D2EA1F9B126853AF106C0C6AA6');
INSERT INTO `do_log` VALUES ('40288023289495aa01289495aa2f0000','xw',NULL,'2010-05-14 10:12:36',NULL,'127.0.0.1','614E5758C9217B7C46984864A828141A');
INSERT INTO `do_log` VALUES ('40288023289498b301289498b3d50000','xw',NULL,'2010-05-14 10:15:55',NULL,'127.0.0.1','E3194D57DBE95C13044029E2FD6A3E62');
INSERT INTO `do_log` VALUES ('4028802328949d820128949d829b0000','xw',NULL,'2010-05-14 10:21:10',NULL,'127.0.0.1','9D47640B6AE9D1AA462673E47DD61265');
INSERT INTO `do_log` VALUES ('402880232894a370012894a3708d0000','xw',NULL,'2010-05-14 10:27:38',NULL,'127.0.0.1','672D6E4DA2BAA50AE0D04077FD57D370');
INSERT INTO `do_log` VALUES ('402880232894b243012894b243790000','xw',NULL,'2010-05-14 10:43:50',NULL,'127.0.0.1','EC158E2C7D914F5D015123B0EEE0405A');
INSERT INTO `do_log` VALUES ('402880232894b243012894b287d50001','a',NULL,'2010-05-14 10:44:07',NULL,'127.0.0.1','EC158E2C7D914F5D015123B0EEE0405A');
INSERT INTO `do_log` VALUES ('402880232894bdb1012894bdb1220000','xw',NULL,'2010-05-14 10:56:19',NULL,'127.0.0.1','A75C9461FA7DFF42E031095B72872974');
INSERT INTO `do_log` VALUES ('402880232894c243012894c2432d0000','a',NULL,'2010-05-14 11:01:18',NULL,'127.0.0.1','02AAC3756EDF37328284563CEEA449D5');
INSERT INTO `do_log` VALUES ('402880232894c243012894c29f860001','xw',NULL,'2010-05-14 11:01:42',NULL,'127.0.0.1','02AAC3756EDF37328284563CEEA449D5');
INSERT INTO `do_log` VALUES ('402880232894c6f8012894c6f8220000','a',NULL,'2010-05-14 11:06:27','2010-05-14 11:23:47','127.0.0.1','B7AE5776EBBEFF1820AE72E0AB2235F6');
INSERT INTO `do_log` VALUES ('402880232894c6f8012894c751cb0001','xw',NULL,'2010-05-14 11:06:50','2010-05-14 11:23:47','127.0.0.1','B7AE5776EBBEFF1820AE72E0AB2235F6');
INSERT INTO `do_log` VALUES ('402880232894c6f8012894d76eea000b','xz',NULL,'2010-05-14 11:24:26','2010-05-14 11:26:32','127.0.0.1','F059C8E9B9E903DFFEA81E91AD86A664');
INSERT INTO `do_log` VALUES ('402880232894c6f8012894d7db70000c','wz',NULL,'2010-05-14 11:24:54','2010-05-14 11:26:32','127.0.0.1','F059C8E9B9E903DFFEA81E91AD86A664');
INSERT INTO `do_log` VALUES ('402880232894c6f8012894d88982000d','a',NULL,'2010-05-14 11:25:38','2010-05-14 11:26:32','127.0.0.1','F059C8E9B9E903DFFEA81E91AD86A664');
INSERT INTO `do_log` VALUES ('402880232894c6f8012894d8a43e000e','a',NULL,'2010-05-14 11:25:45','2010-05-14 11:26:32','127.0.0.1','F059C8E9B9E903DFFEA81E91AD86A664');
INSERT INTO `do_log` VALUES ('402880232894c6f8012894d9f680000f','xz',NULL,'2010-05-14 11:27:12',NULL,'127.0.0.1','DD375F953E70E598B074765ECC6ECF4F');
INSERT INTO `do_log` VALUES ('402880232894c6f8012894dc2bee0011','xz',NULL,'2010-05-14 11:29:36',NULL,'127.0.0.1','DD375F953E70E598B074765ECC6ECF4F');
INSERT INTO `do_log` VALUES ('402880232894c6f8012894dceb940012','wz',NULL,'2010-05-14 11:30:25',NULL,'127.0.0.1','DD375F953E70E598B074765ECC6ECF4F');
INSERT INTO `do_log` VALUES ('402880232894c6f8012894dfc4080013','u',NULL,'2010-05-14 11:33:32',NULL,'127.0.0.1','DD375F953E70E598B074765ECC6ECF4F');
INSERT INTO `do_log` VALUES ('402880232894e147012894e1477c0000','xz',NULL,'2010-05-14 11:35:11','2010-05-14 11:51:28','127.0.0.1','F95464C9F4686C4102CB9D6AAE448FC8');
INSERT INTO `do_log` VALUES ('402880232894e147012894ed9c680001','xw',NULL,'2010-05-14 11:48:39','2010-05-14 11:51:28','127.0.0.1','F95464C9F4686C4102CB9D6AAE448FC8');
INSERT INTO `do_log` VALUES ('402880232894e147012894f0774d000b','xz',NULL,'2010-05-14 11:51:46','2010-05-14 12:56:27','127.0.0.1','712C64ABCE196A68D444F2E915ABAAAF');
INSERT INTO `do_log` VALUES ('402880232894e1470128950362fe000c','wz',NULL,'2010-05-14 12:12:26','2010-05-14 12:56:27','127.0.0.1','712C64ABCE196A68D444F2E915ABAAAF');
INSERT INTO `do_log` VALUES ('402880232894e14701289543712f000d','a',NULL,'2010-05-14 13:22:24',NULL,'127.0.0.1','16AF61BA68731758D38CE98187FE9C5D');
INSERT INTO `do_log` VALUES ('402880232894e1470128954ea3170015','wz',NULL,'2010-05-14 13:34:38',NULL,'127.0.0.1','16AF61BA68731758D38CE98187FE9C5D');
INSERT INTO `do_log` VALUES ('40288023289596aa01289596aad90000','wz',NULL,'2010-05-14 14:53:19',NULL,'127.0.0.1','CBACE75E12E4BF902CD46FCD5E8E1FB7');
INSERT INTO `do_log` VALUES ('402880232895a08e012895a08e380000','wz',NULL,'2010-05-14 15:04:07',NULL,'127.0.0.1','923C6A3731170CF263A78FC10E931E38');
INSERT INTO `do_log` VALUES ('402880232895d868012895d8688f0000','xz',NULL,'2010-05-14 16:05:07',NULL,'127.0.0.1','EA5B167FE8525D91D71A2F8702CFE422');
INSERT INTO `do_log` VALUES ('402880232895d868012895e432810001','xz',NULL,'2010-05-14 16:17:59',NULL,'127.0.0.1','EA5B167FE8525D91D71A2F8702CFE422');
INSERT INTO `do_log` VALUES ('402880232895e701012895e701220000','xz',NULL,'2010-05-14 16:21:03',NULL,'127.0.0.1','1C43C446D61446989E907405353B6E08');
INSERT INTO `do_log` VALUES ('402880232895e701012895f18e2f0001','xw',NULL,'2010-05-14 16:32:35',NULL,'127.0.0.1','1C43C446D61446989E907405353B6E08');
INSERT INTO `do_log` VALUES ('402880232895f66d012895f66d6f0000','xw',NULL,'2010-05-14 16:37:54',NULL,'127.0.0.1','477689EB1485FD6BAE979A96885D8911');
INSERT INTO `do_log` VALUES ('402880232895f66d012895f9300a000a','hz',NULL,'2010-05-14 16:40:55',NULL,'127.0.0.1','477689EB1485FD6BAE979A96885D8911');
INSERT INTO `do_log` VALUES ('402880232895f66d012895ff2f80000d','xz',NULL,'2010-05-14 16:47:28',NULL,'127.0.0.1','477689EB1485FD6BAE979A96885D8911');
INSERT INTO `do_log` VALUES ('4028802328960c960128960c96f50000','xw',NULL,'2010-05-14 17:02:07',NULL,'127.0.0.1','C0B00EAE1AE44A914BE6A1959B67A945');
INSERT INTO `do_log` VALUES ('4028802328960c960128960dc13d000a','hz',NULL,'2010-05-14 17:03:23',NULL,'127.0.0.1','C0B00EAE1AE44A914BE6A1959B67A945');
INSERT INTO `do_log` VALUES ('402880232896191b012896191b4e0000','a',NULL,'2010-05-14 17:15:47',NULL,'127.0.0.1','431E2C48BA82AB361F57906A3120F2B6');
INSERT INTO `do_log` VALUES ('402880232896191b012896196cc90001','xz',NULL,'2010-05-14 17:16:08',NULL,'127.0.0.1','431E2C48BA82AB361F57906A3120F2B6');
INSERT INTO `do_log` VALUES ('4028802328961f150128961f15650000','xw',NULL,'2010-05-14 17:22:19',NULL,'127.0.0.1','D148FF211C73571E07A97A467F16CDBC');
INSERT INTO `do_log` VALUES ('4028802328961f150128961fbd2e000a','hz',NULL,'2010-05-14 17:23:02',NULL,'127.0.0.1','D148FF211C73571E07A97A467F16CDBC');
INSERT INTO `do_log` VALUES ('4028802328961f150128961ff805000d','xz',NULL,'2010-05-14 17:23:17',NULL,'127.0.0.1','D148FF211C73571E07A97A467F16CDBC');
INSERT INTO `do_log` VALUES ('4028802328af26050128af26050b0000','a',NULL,'2010-05-19 14:00:24',NULL,'127.0.0.1','B32C86D51A811D2F7D2F39D25E30384E');

#
# Table structure for table do_log_data
#

DROP TABLE IF EXISTS `do_log_data`;
CREATE TABLE `do_log_data` (
  `OBJUID` varchar(32) default NULL,
  `TABLE_NAME` varchar(100) default NULL,
  `COL_NAME` varchar(100) default NULL,
  `WHO_UID` varchar(32) default NULL,
  `BO_UID` varchar(32) default NULL,
  `COL_UID` varchar(32) default NULL,
  `OPER_TYPE` varchar(50) default NULL,
  `OPER_DATA` varchar(100) default NULL,
  `OPER_TIME` datetime default NULL,
  `OPER_DATA_UID` varchar(32) default NULL,
  `OPER_PANE_UID` varchar(32) default NULL,
  `OLD_VALUE` varchar(2000) default NULL,
  `NEW_VALUE` varchar(2000) default NULL
) ENGINE=MyISAM DEFAULT CHARSET=utf8;

#
# Dumping data for table do_log_data
#


#
# Table structure for table do_org_dept
#

DROP TABLE IF EXISTS `do_org_dept`;
CREATE TABLE `do_org_dept` (
  `objUid` varchar(32) NOT NULL,
  `dept_code` varchar(50) default NULL,
  `name` varchar(50) default NULL,
  `leader` varchar(32) default NULL,
  `type` int(11) default NULL,
  `order_num` int(11) default NULL,
  `location` varchar(100) default NULL,
  `tel` varchar(20) default NULL,
  `parentUid` varchar(32) default NULL,
  `note` varchar(255) default NULL
) ENGINE=MyISAM DEFAULT CHARSET=utf8;

#
# Dumping data for table do_org_dept
#

INSERT INTO `do_org_dept` VALUES ('4028803127b6f15a0127b7294a7a0004','pingtaibumen','平台部门','40288031278ed91501278ed915b30000',2,NULL,NULL,NULL,NULL,NULL);
INSERT INTO `do_org_dept` VALUES ('4028803127b6f15a0127b7297ee80005','caiwubumen','财务部门',NULL,NULL,NULL,NULL,NULL,NULL,NULL);
INSERT INTO `do_org_dept` VALUES ('40288031288a4cb701288a96b73a000d','0005','总经办',NULL,NULL,NULL,NULL,NULL,NULL,NULL);

#
# Table structure for table do_org_role
#

DROP TABLE IF EXISTS `do_org_role`;
CREATE TABLE `do_org_role` (
  `objUid` varchar(32) NOT NULL,
  `name` varchar(50) default NULL,
  `roleId` varchar(50) default NULL,
  `parentUid` bigint(20) default NULL,
  `degree` int(11) default NULL,
  `description` text,
  `creator` varchar(255) default NULL,
  `creatDate` datetime default NULL,
  `modifier` varchar(255) default NULL,
  `modifyDate` datetime default NULL,
  `mVersion` varchar(50) default NULL
) ENGINE=MyISAM DEFAULT CHARSET=utf8;

#
# Dumping data for table do_org_role
#

INSERT INTO `do_org_role` VALUES ('4028803127b6f15a0127b725c6930003','普通员工','putongyuangong',NULL,1,'普通员工',NULL,NULL,NULL,NULL,NULL);
INSERT INTO `do_org_role` VALUES ('40288031287fd27f01287fdb80af0001','部门经理','bumenjingli',NULL,NULL,'部门经理',NULL,NULL,NULL,NULL,NULL);
INSERT INTO `do_org_role` VALUES ('40288031287fd27f01287fdc23670002','副总经理','fuzongjingli',NULL,NULL,'副总经理',NULL,NULL,NULL,NULL,NULL);
INSERT INTO `do_org_role` VALUES ('40288031287fd27f01287fdc70100003','财务主管','caiwuzhuguan',NULL,NULL,NULL,NULL,NULL,NULL,NULL,NULL);
INSERT INTO `do_org_role` VALUES ('40288031287fd27f01287fe80c5a0009','总经理','zongjingli',NULL,NULL,'总经理',NULL,NULL,NULL,NULL,NULL);
INSERT INTO `do_org_role` VALUES ('40288031288a2b8501288a3d009d000d','系统管理员','system_manager',NULL,NULL,NULL,NULL,NULL,NULL,NULL,NULL);

#
# Table structure for table do_org_role_conflict
#

DROP TABLE IF EXISTS `do_org_role_conflict`;
CREATE TABLE `do_org_role_conflict` (
  `objUid` varchar(32) default NULL,
  `roleUid` varchar(32) default NULL,
  `roleConflictUid` varchar(32) default NULL,
  `staticType` char(1) default NULL,
  `creator` varchar(255) default NULL,
  `creatDate` datetime default NULL,
  `modifier` varchar(255) default NULL,
  `modifyDate` datetime default NULL,
  `mVersion` varchar(50) default NULL
) ENGINE=MyISAM DEFAULT CHARSET=utf8 ROW_FORMAT=FIXED;

#
# Dumping data for table do_org_role_conflict
#


#
# Table structure for table do_org_timespan
#

DROP TABLE IF EXISTS `do_org_timespan`;
CREATE TABLE `do_org_timespan` (
  `objUid` varchar(50) NOT NULL,
  `name` varchar(50) default NULL,
  `beginTime` datetime default NULL,
  `endTime` datetime default NULL,
  `creator` varchar(255) default NULL,
  `creatDate` datetime default NULL,
  `modifier` varchar(255) default NULL,
  `modifyDate` datetime default NULL,
  `mVersion` varchar(50) default NULL
) ENGINE=MyISAM DEFAULT CHARSET=utf8;

#
# Dumping data for table do_org_timespan
#


#
# Table structure for table do_org_user
#

DROP TABLE IF EXISTS `do_org_user`;
CREATE TABLE `do_org_user` (
  `objuid` varchar(32) NOT NULL,
  `name` varchar(50) default NULL,
  `user_code` varchar(255) default NULL,
  `password` varchar(50) default NULL,
  `deptuid` varchar(255) default NULL,
  `gender` char(1) default NULL,
  `birthday` datetime default NULL,
  `email` varchar(50) default NULL,
  `telephone` varchar(50) default NULL,
  `mobile` varchar(50) default NULL,
  `address` varchar(50) default NULL,
  `creator` varchar(255) default NULL,
  `modifier` varchar(255) default NULL,
  `modifyDate` datetime default NULL,
  `mVersion` varchar(50) default NULL
) ENGINE=MyISAM DEFAULT CHARSET=utf8 ROW_FORMAT=FIXED;

#
# Dumping data for table do_org_user
#

INSERT INTO `do_org_user` VALUES ('40288031278ed91501278ed915b30000','u','0005','b59c67bf196a4758191e42f76670ceba','4028803127b6f15a0127b7294a7a0004',NULL,NULL,'u@u.com',NULL,NULL,NULL,NULL,NULL,NULL,NULL);
INSERT INTO `do_org_user` VALUES ('40288031287fd27f012880415d96006c','xz',NULL,'c4ca4238a0b923820dcc509a6f75849b','4028803127b6f15a0127b7297ee80005',NULL,NULL,NULL,NULL,NULL,NULL,NULL,NULL,NULL,NULL);
INSERT INTO `do_org_user` VALUES ('40288031287fd27f01288045ecd3006e','xw',NULL,'c4ca4238a0b923820dcc509a6f75849b','4028803127b6f15a0127b7294a7a0004',NULL,NULL,NULL,NULL,NULL,NULL,NULL,NULL,NULL,NULL);
INSERT INTO `do_org_user` VALUES ('40288031287fd27f012880469c2d006f','hz',NULL,'c4ca4238a0b923820dcc509a6f75849b','4028803127b6f15a0127b7294a7a0004',NULL,NULL,NULL,NULL,NULL,NULL,NULL,NULL,NULL,NULL);
INSERT INTO `do_org_user` VALUES ('40288031287fd27f012880472b4e0070','wz',NULL,'c4ca4238a0b923820dcc509a6f75849b','4028803127b6f15a0127b7294a7a0004',NULL,NULL,NULL,NULL,NULL,NULL,NULL,NULL,NULL,NULL);
INSERT INTO `do_org_user` VALUES ('40288031288a2b8501288a3704e00005','lz','lz','d41d8cd98f00b204e9800998ecf8427e','4028803127b6f15a0127b7297ee80005',NULL,NULL,NULL,NULL,NULL,NULL,NULL,NULL,NULL,NULL);

#
# Table structure for table do_org_user_role
#

DROP TABLE IF EXISTS `do_org_user_role`;
CREATE TABLE `do_org_user_role` (
  `OBJUID` varchar(32) NOT NULL,
  `USER_UID` varchar(32) default NULL,
  `ROLE_UID` varchar(50) default NULL
) ENGINE=MyISAM DEFAULT CHARSET=utf8;

#
# Dumping data for table do_org_user_role
#

INSERT INTO `do_org_user_role` VALUES ('40288031287fd27f01288047ad6e0071','40288031287fd27f01288045ecd3006e','4028803127b6f15a0127b725c6930003');
INSERT INTO `do_org_user_role` VALUES ('40288031287fd27f01288047d1cf0072','40288031287fd27f012880469c2d006f','40288031287fd27f01287fe80c5a0009');
INSERT INTO `do_org_user_role` VALUES ('40288031287fd27f01288047f3de0073','40288031287fd27f012880472b4e0070','40288031287fd27f01287fdc23670002');
INSERT INTO `do_org_user_role` VALUES ('40288031287fd27f0128804811f50074','40288031287fd27f012880415d96006c','40288031287fd27f01287fdc70100003');
INSERT INTO `do_org_user_role` VALUES ('40288031288a2b8501288a3d2a1e000e','40288031278ed91501278ed915b30000','40288031288a2b8501288a3d009d000d');

#
# Table structure for table do_wfi_his_ni_dependency
#

DROP TABLE IF EXISTS `do_wfi_his_ni_dependency`;
CREATE TABLE `do_wfi_his_ni_dependency` (
  `objuid` varchar(32) NOT NULL,
  `Pre_NID_UID` varchar(32) default NULL,
  `Post_NID_UID` varchar(32) default NULL,
  `do_condition` varchar(255) default NULL
) ENGINE=MyISAM DEFAULT CHARSET=utf8;

#
# Dumping data for table do_wfi_his_ni_dependency
#


#
# Table structure for table do_wfi_his_nodeinstance
#

DROP TABLE IF EXISTS `do_wfi_his_nodeinstance`;
CREATE TABLE `do_wfi_his_nodeinstance` (
  `OBJUID` varchar(32) NOT NULL,
  `NodeName` varchar(255) NOT NULL,
  `NodeDesc` varchar(1000) default NULL,
  `nodeDate` datetime default NULL,
  `NodeType` tinyint(4) default NULL,
  `authType` int(11) default NULL,
  `nodeStateShow` varchar(255) default NULL,
  `nodeStateShowBack` varchar(255) default NULL,
  `spec_Name` varchar(255) default NULL,
  `ExeStatus` tinyint(4) default NULL,
  `DecisionExpression` varchar(500) default NULL,
  `PI_UID` varchar(50) NOT NULL,
  `scheduleOUUid` varchar(50) default NULL,
  `performerUid` varchar(50) default NULL,
  `node_uid` varchar(50) default NULL,
  `backType` tinyint(4) default NULL,
  `pass_txt` varchar(500) default NULL,
  `reject_txt` varchar(500) default NULL,
  `node_ext1` varchar(500) default NULL,
  `node_ext2` varchar(500) default NULL,
  `retNodeUID` varchar(50) default NULL
) ENGINE=MyISAM DEFAULT CHARSET=utf8;

#
# Dumping data for table do_wfi_his_nodeinstance
#


#
# Table structure for table do_wfi_his_processinstance
#

DROP TABLE IF EXISTS `do_wfi_his_processinstance`;
CREATE TABLE `do_wfi_his_processinstance` (
  `OBJUID` varchar(32) NOT NULL,
  `WFI_Name` varchar(255) NOT NULL,
  `PT_Name` varchar(255) NOT NULL,
  `WFI_Desc` varchar(2000) default NULL,
  `ExeStatus` tinyint(4) default NULL,
  `PT_UID` varchar(50) NOT NULL,
  `startUser` varchar(50) default NULL,
  `startTime` datetime default NULL,
  `curState` varchar(255) default NULL,
  `curStateTime` datetime default NULL,
  `curStateUser` varchar(50) default NULL,
  `rejectTxt` varchar(2000) default NULL,
  `instance_uid` varchar(50) default NULL,
  `instance2_uid` varchar(32) default NULL,
  `instance3_uid` varchar(32) default NULL
) ENGINE=MyISAM DEFAULT CHARSET=utf8;

#
# Dumping data for table do_wfi_his_processinstance
#


#
# Table structure for table do_wfi_his_varinstance
#

DROP TABLE IF EXISTS `do_wfi_his_varinstance`;
CREATE TABLE `do_wfi_his_varinstance` (
  `objuid` varchar(32) NOT NULL,
  `varName` varchar(255) NOT NULL,
  `varValue` varchar(255) default NULL,
  `pt_var_uid` varchar(32) default NULL,
  `PI_UID` varchar(32) NOT NULL,
  `bo_property_uid` varchar(32) default NULL,
  `instance_uid` varchar(100) default NULL
) ENGINE=MyISAM DEFAULT CHARSET=utf8;

#
# Dumping data for table do_wfi_his_varinstance
#


#
# Table structure for table do_wfi_ni_dependency
#

DROP TABLE IF EXISTS `do_wfi_ni_dependency`;
CREATE TABLE `do_wfi_ni_dependency` (
  `objuid` varchar(32) NOT NULL,
  `Pre_NID_UID` varchar(32) default NULL,
  `Post_NID_UID` varchar(32) default NULL,
  `do_condition` varchar(255) default NULL
) ENGINE=MyISAM DEFAULT CHARSET=utf8;

#
# Dumping data for table do_wfi_ni_dependency
#

INSERT INTO `do_wfi_ni_dependency` VALUES ('4028802328961f150128961f71020005','4028802328961f150128961f6df50003','4028802328961f150128961f70a40004',NULL);
INSERT INTO `do_wfi_ni_dependency` VALUES ('4028802328961f150128961f71fc0007','4028802328961f150128961f70a40004','4028802328961f150128961f71dd0006','<=1000');
INSERT INTO `do_wfi_ni_dependency` VALUES ('4028802328961f150128961f723b0009','4028802328961f150128961f70a40004','4028802328961f150128961f721b0008','>1000');
INSERT INTO `do_wfi_ni_dependency` VALUES ('4028802328961f150128961fca7c000c','4028802328961f150128961f721b0008','4028802328961f150128961fca4d000b',NULL);
INSERT INTO `do_wfi_ni_dependency` VALUES ('4028802328961f15012896200553000f','4028802328961f150128961fca4d000b','4028802328961f15012896200534000e',NULL);

#
# Table structure for table do_wfi_nodeinstance
#

DROP TABLE IF EXISTS `do_wfi_nodeinstance`;
CREATE TABLE `do_wfi_nodeinstance` (
  `OBJUID` varchar(32) NOT NULL,
  `NodeName` varchar(255) NOT NULL,
  `NodeDesc` varchar(1000) default NULL,
  `nodeDate` datetime default NULL,
  `NodeType` tinyint(4) default NULL,
  `authType` int(11) default NULL,
  `nodeStateShow` varchar(255) default NULL,
  `nodeStateShowBack` varchar(255) default NULL,
  `spec_Name` varchar(255) default NULL,
  `ExeStatus` tinyint(4) default NULL,
  `DecisionExpression` varchar(500) default NULL,
  `PI_UID` varchar(50) NOT NULL,
  `scheduleOUUid` varchar(50) default NULL,
  `performerUid` varchar(50) default NULL,
  `node_uid` varchar(50) default NULL,
  `backType` tinyint(4) default NULL,
  `pass_txt` varchar(500) default NULL,
  `reject_txt` varchar(500) default NULL,
  `node_ext1` varchar(500) default NULL,
  `node_ext2` varchar(500) default NULL,
  `retNodeUID` varchar(50) default NULL
) ENGINE=MyISAM DEFAULT CHARSET=utf8;

#
# Dumping data for table do_wfi_nodeinstance
#

INSERT INTO `do_wfi_nodeinstance` VALUES ('4028802328961f150128961f6df50003','感谢祖国_提交保险单','提交保险单_2010-5-14 17:22:41','2010-05-14 17:22:42',2,NULL,NULL,NULL,NULL,3,NULL,'4028802328961f150128961f6bd20002',NULL,NULL,'tt2_n3',NULL,NULL,NULL,NULL,NULL,NULL);
INSERT INTO `do_wfi_nodeinstance` VALUES ('4028802328961f150128961f70a40004','感谢祖国_判断报销金额','判断报销金额_2010-5-14 17:22:42',NULL,5,NULL,NULL,NULL,NULL,3,NULL,'4028802328961f150128961f6bd20002',NULL,NULL,'tt2_n10',NULL,NULL,NULL,NULL,NULL,NULL);
INSERT INTO `do_wfi_nodeinstance` VALUES ('4028802328961f150128961f71dd0006','感谢祖国_副总经理审批','副总经理审批_2010-5-14 17:22:42',NULL,1,NULL,'副总经理审批',NULL,NULL,0,NULL,'4028802328961f150128961f6bd20002',NULL,NULL,'tt2_n11',NULL,NULL,NULL,NULL,NULL,NULL);
INSERT INTO `do_wfi_nodeinstance` VALUES ('4028802328961f150128961f721b0008','感谢祖国_总经理审批','总经理审批_2010-5-14 17:22:42','2010-05-14 17:23:05',1,NULL,'总经理审批',NULL,NULL,3,NULL,'4028802328961f150128961f6bd20002',NULL,NULL,'tt2_n12',NULL,NULL,NULL,NULL,NULL,NULL);
INSERT INTO `do_wfi_nodeinstance` VALUES ('4028802328961f150128961fca4d000b','感谢祖国_财务人员','财务人员_2010-5-14 17:23:05','2010-05-14 17:23:20',1,NULL,NULL,NULL,NULL,3,NULL,'4028802328961f150128961f6bd20002',NULL,NULL,'tt2_n13',NULL,NULL,NULL,NULL,NULL,NULL);
INSERT INTO `do_wfi_nodeinstance` VALUES ('4028802328961f15012896200534000e','感谢祖国_结束节点','结束节点_2010-5-14 17:23:20',NULL,3,NULL,NULL,NULL,NULL,3,NULL,'4028802328961f150128961f6bd20002',NULL,NULL,'tt2_n15',NULL,NULL,NULL,NULL,NULL,NULL);

#
# Table structure for table do_wfi_processinstance
#

DROP TABLE IF EXISTS `do_wfi_processinstance`;
CREATE TABLE `do_wfi_processinstance` (
  `OBJUID` varchar(32) NOT NULL,
  `WFI_Name` varchar(255) NOT NULL,
  `PT_Name` varchar(255) NOT NULL,
  `WFI_Desc` varchar(2000) default NULL,
  `ExeStatus` tinyint(4) default NULL,
  `PT_UID` varchar(50) NOT NULL,
  `startUser` varchar(50) default NULL,
  `startTime` datetime default NULL,
  `curState` varchar(255) default NULL,
  `curStateTime` datetime default NULL,
  `curStateUser` varchar(50) default NULL,
  `rejectTxt` varchar(2000) default NULL,
  `instance_uid` varchar(50) default NULL,
  `instance2_uid` varchar(32) default NULL,
  `instance3_uid` varchar(32) default NULL
) ENGINE=MyISAM DEFAULT CHARSET=utf8;

#
# Dumping data for table do_wfi_processinstance
#

INSERT INTO `do_wfi_processinstance` VALUES ('4028802328961f150128961f6bd20002','感谢祖国','tt2','简单报销流程测试',3,'40288031286b14a901286b14a9160000','40288031287fd27f01288045ecd3006e','2010-05-14 17:22:41','总经理审批',NULL,NULL,NULL,'4028802328961f150128961f6ad80001',NULL,NULL);

#
# Table structure for table do_wfi_varinstance
#

DROP TABLE IF EXISTS `do_wfi_varinstance`;
CREATE TABLE `do_wfi_varinstance` (
  `objuid` varchar(32) NOT NULL,
  `varName` varchar(255) NOT NULL,
  `varValue` varchar(255) default NULL,
  `pt_var_uid` varchar(32) default NULL,
  `PI_UID` varchar(32) NOT NULL,
  `bo_property_uid` varchar(32) default NULL,
  `instance_uid` varchar(100) default NULL
) ENGINE=MyISAM DEFAULT CHARSET=utf8;

#
# Dumping data for table do_wfi_varinstance
#


#
# Table structure for table t_expense
#

DROP TABLE IF EXISTS `t_expense`;
CREATE TABLE `t_expense` (
  `id` varchar(32) NOT NULL default '',
  `title` varchar(255) default NULL,
  `expense_man` varchar(32) NOT NULL default '',
  `expense_date` date default NULL,
  `expense_money` float NOT NULL default '0',
  `note` text NOT NULL,
  PRIMARY KEY  (`id`)
) ENGINE=MyISAM DEFAULT CHARSET=utf8;

#
# Dumping data for table t_expense
#

INSERT INTO `t_expense` VALUES ('4028802328961f150128961f6ad80001','感谢祖国','40288031287fd27f01288045ecd3006e','2010-05-14',11111,'111111');

#
# View structure for view wf_bj
#

DROP VIEW IF EXISTS `wf_bj`;
CREATE ALGORITHM=UNDEFINED DEFINER=`root`@`localhost` SQL SECURITY DEFINER VIEW `wf_bj` AS select distinct `wpi`.`OBJUID` AS `contextPIUid`,`wpi`.`curState` AS `curstate`,`wpi`.`instance_uid` AS `instance_uid`,`ur`.`USER_UID` AS `user_uid` from (((`do_wfi_nodeinstance` `ni` join `do_wfi_processinstance` `wpi`) join `do_org_user_role` `ur`) join `do_authorization` `a`) where ((`wpi`.`OBJUID` = `ni`.`PI_UID`) and (`a`.`parterUid` = _utf8'9') and (`a`.`ouUid` = `ur`.`ROLE_UID`) and (`ni`.`node_uid` = `a`.`whatUid`) and (`ni`.`ExeStatus` = 3) and (`wpi`.`ExeStatus` = 2));


#
# View structure for view wf_db
#

DROP VIEW IF EXISTS `wf_db`;
CREATE ALGORITHM=UNDEFINED DEFINER=`root`@`localhost` SQL SECURITY DEFINER VIEW `wf_db` AS select distinct `wpi`.`curState` AS `curstate`,`ni`.`node_uid` AS `node_uid`,`ni`.`nodeDate` AS `nodeDate`,`ni`.`OBJUID` AS `contextNIUid`,`wpi`.`OBJUID` AS `contextPIUid`,`wpi`.`instance_uid` AS `instance_uid`,`ni`.`pass_txt` AS `pass_txt`,`ni`.`reject_txt` AS `reject_txt`,`ur`.`USER_UID` AS `user_uid` from (((`do_wfi_nodeinstance` `ni` join `do_wfi_processinstance` `wpi`) join `do_org_user_role` `ur`) join `do_authorization` `a`) where ((`wpi`.`OBJUID` = `ni`.`PI_UID`) and (`a`.`parterUid` = _utf8'9') and (`a`.`ouUid` = `ur`.`ROLE_UID`) and (`ni`.`node_uid` = `a`.`whatUid`) and (`ni`.`ExeStatus` = 2) and (`wpi`.`ExeStatus` = 2));


#
# View structure for view wf_yb
#

DROP VIEW IF EXISTS `wf_yb`;
CREATE ALGORITHM=UNDEFINED DEFINER=`root`@`localhost` SQL SECURITY DEFINER VIEW `wf_yb` AS select distinct `wpi`.`OBJUID` AS `contextPIUid`,`wpi`.`curState` AS `curstate`,`wpi`.`instance_uid` AS `instance_uid`,`ur`.`USER_UID` AS `user_uid` from (((`do_wfi_nodeinstance` `ni` join `do_wfi_processinstance` `wpi`) join `do_org_user_role` `ur`) join `do_authorization` `a`) where ((`wpi`.`OBJUID` = `ni`.`PI_UID`) and (`a`.`parterUid` = _utf8'9') and (`a`.`ouUid` = `ur`.`ROLE_UID`) and (`ni`.`node_uid` = `a`.`whatUid`) and (`ni`.`ExeStatus` = 3) and (`wpi`.`ExeStatus` = 2));


/*!40101 SET NAMES latin1 */;

/*!40111 SET SQL_NOTES=@OLD_SQL_NOTES */;
/*!40101 SET SQL_MODE=@OLD_SQL_MODE */;
/*!40103 SET TIME_ZONE=@OLD_TIME_ZONE */;
